SZd-ID;Datierung;Sterbejahr;epidat;epidat_;Weblink
wld-01.001.001-00;1825;1825?;wdf-754;wdf-0754;http://www.steinheim-institut.de/cgi-bin/epidat?id=wdf-754
wld-01.001.002-00;1824;1824;wdf-755;wdf-0755;http://www.steinheim-institut.de/cgi-bin/epidat?id=wdf-755
wld-01.001.003-00;;;wdf-756;wdf-0756;http://www.steinheim-institut.de/cgi-bin/epidat?id=wdf-756
wld-01.001.004-00;1820;1820;wdf-757;wdf-0757;http://www.steinheim-institut.de/cgi-bin/epidat?id=wdf-757
wld-01.001.005-00;1824;1824?;wdf-758;wdf-0758;http://www.steinheim-institut.de/cgi-bin/epidat?id=wdf-758
wld-01.001.006-00;;;wdf-759;wdf-0759;http://www.steinheim-institut.de/cgi-bin/epidat?id=wdf-759
wld-01.001.007-00;1812;1812;wdf-760;wdf-0760;http://www.steinheim-institut.de/cgi-bin/epidat?id=wdf-760
wld-01.001.008-00;;;wdf-761;wdf-0761;http://www.steinheim-institut.de/cgi-bin/epidat?id=wdf-761
wld-01.001.009-00;;;wdf-762;wdf-0762;http://www.steinheim-institut.de/cgi-bin/epidat?id=wdf-762
wld-01.001.010-00;;;wdf-763;wdf-0763;http://www.steinheim-institut.de/cgi-bin/epidat?id=wdf-763
wld-01.001.011-00;1810;1810;wdf-764;wdf-0764;http://www.steinheim-institut.de/cgi-bin/epidat?id=wdf-764
wld-01.001.012-00;1805;1805;wdf-765;wdf-0765;http://www.steinheim-institut.de/cgi-bin/epidat?id=wdf-765
wld-01.001.013-00;1815;1815;wdf-766;wdf-0766;http://www.steinheim-institut.de/cgi-bin/epidat?id=wdf-766
wld-01.001.014-00;;;wdf-767;wdf-0767;http://www.steinheim-institut.de/cgi-bin/epidat?id=wdf-767
wld-01.001.015-00;1800;1799-1809;wdf-768;wdf-0768;http://www.steinheim-institut.de/cgi-bin/epidat?id=wdf-768
wld-01.001.016-00;1824;1824;wdf-769;wdf-0769;http://www.steinheim-institut.de/cgi-bin/epidat?id=wdf-769
wld-01.001.017-00;1835;1835;wdf-770;wdf-0770;http://www.steinheim-institut.de/cgi-bin/epidat?id=wdf-770
wld-01.001.018-00;;;wdf-771;wdf-0771;http://www.steinheim-institut.de/cgi-bin/epidat?id=wdf-771
wld-01.001.019-00;;;wdf-772;wdf-0772;http://www.steinheim-institut.de/cgi-bin/epidat?id=wdf-772
wld-01.001.020-00;1833;1833;wdf-773;wdf-0773;http://www.steinheim-institut.de/cgi-bin/epidat?id=wdf-773
wld-01.001.021-00;1801;1801;wdf-774;wdf-0774;http://www.steinheim-institut.de/cgi-bin/epidat?id=wdf-774
wld-01.001.022-00;1804;1804;wdf-775;wdf-0775;http://www.steinheim-institut.de/cgi-bin/epidat?id=wdf-775
wld-01.001.023-00;1800;1800;wdf-776;wdf-0776;http://www.steinheim-institut.de/cgi-bin/epidat?id=wdf-776
wld-01.001.024-00;1800;1800;wdf-777;wdf-0777;http://www.steinheim-institut.de/cgi-bin/epidat?id=wdf-777
wld-01.001.025-00;1842;1842;wdf-778;wdf-0778;http://www.steinheim-institut.de/cgi-bin/epidat?id=wdf-778
wld-01.001.026-00;1842;1842;wdf-779;wdf-0779;http://www.steinheim-institut.de/cgi-bin/epidat?id=wdf-779
wld-01.001.027-00;1841;1841;wdf-780;wdf-0780;http://www.steinheim-institut.de/cgi-bin/epidat?id=wdf-780
wld-01.001.028-00;1800;1800;wdf-781;wdf-0781;http://www.steinheim-institut.de/cgi-bin/epidat?id=wdf-781
wld-01.001.029-00;1800;1800;wdf-782;wdf-0782;http://www.steinheim-institut.de/cgi-bin/epidat?id=wdf-782
wld-01.001.030-00;1800;1800;wdf-783;wdf-0783;http://www.steinheim-institut.de/cgi-bin/epidat?id=wdf-783
wld-01.001.032-00;1801;1801;wdf-785;wdf-0785;http://www.steinheim-institut.de/cgi-bin/epidat?id=wdf-785
wld-01.001.033-00;;;wdf-786;wdf-0786;http://www.steinheim-institut.de/cgi-bin/epidat?id=wdf-786
wld-01.001.034-00;1804;1804;wdf-787;wdf-0787;http://www.steinheim-institut.de/cgi-bin/epidat?id=wdf-787
wld-01.001.035-00;1814;1814;wdf-788;wdf-0788;http://www.steinheim-institut.de/cgi-bin/epidat?id=wdf-788
wld-01.001.036-00;;;wdf-789;wdf-0789;http://www.steinheim-institut.de/cgi-bin/epidat?id=wdf-789
wld-01.001.037-00;1804;1804;wdf-790;wdf-0790;http://www.steinheim-institut.de/cgi-bin/epidat?id=wdf-790
wld-01.001.038-00;;;wdf-791;wdf-0791;http://www.steinheim-institut.de/cgi-bin/epidat?id=wdf-791
wld-01.001.039-00;1804;1804;wdf-792;wdf-0792;http://www.steinheim-institut.de/cgi-bin/epidat?id=wdf-792
wld-01.001.040-00;1808;1808?;wdf-793;wdf-0793;http://www.steinheim-institut.de/cgi-bin/epidat?id=wdf-793
wld-01.001.041-00;;;wdf-794;wdf-0794;http://www.steinheim-institut.de/cgi-bin/epidat?id=wdf-794
wld-01.001.042-00;;;wdf-795;wdf-0795;http://www.steinheim-institut.de/cgi-bin/epidat?id=wdf-795
wld-01.001.043-00;1806;1806;wdf-796;wdf-0796;http://www.steinheim-institut.de/cgi-bin/epidat?id=wdf-796
wld-01.001.044-00;;;wdf-797;wdf-0797;http://www.steinheim-institut.de/cgi-bin/epidat?id=wdf-797
wld-01.001.045-00;;;wdf-798;wdf-0798;http://www.steinheim-institut.de/cgi-bin/epidat?id=wdf-798
wld-01.002.001-00;1802;1802;wdf-836;wdf-0836;http://www.steinheim-institut.de/cgi-bin/epidat?id=wdf-836
wld-01.002.002-00;1802;1802;wdf-838;wdf-0838;http://www.steinheim-institut.de/cgi-bin/epidat?id=wdf-838
wld-01.002.003-00;1819;1819;wdf-840;wdf-0840;http://www.steinheim-institut.de/cgi-bin/epidat?id=wdf-840
wld-01.003.001-00;1834;1833/34;wdf-842;wdf-0842;http://www.steinheim-institut.de/cgi-bin/epidat?id=wdf-842
wld-01.003.002-00;1799;1799;wdf-844;wdf-0844;http://www.steinheim-institut.de/cgi-bin/epidat?id=wdf-844
wld-01.003.003-00;1847;1847;wdf-846;wdf-0846;http://www.steinheim-institut.de/cgi-bin/epidat?id=wdf-846
wld-01.003.004-00;;;wdf-848;wdf-0848;http://www.steinheim-institut.de/cgi-bin/epidat?id=wdf-848
wld-01.004.001-00;1845;1845;wdf-887;wdf-0887;http://www.steinheim-institut.de/cgi-bin/epidat?id=wdf-887
wld-01.004.002-00;1845;1845;wdf-889;wdf-0889;http://www.steinheim-institut.de/cgi-bin/epidat?id=wdf-889
wld-01.004.003-00;1845;1845;wdf-891;wdf-0891;http://www.steinheim-institut.de/cgi-bin/epidat?id=wdf-891
wld-01.004.004-00;1846;1846;wdf-893;wdf-0893;http://www.steinheim-institut.de/cgi-bin/epidat?id=wdf-893
wld-01.004.005-00;1846;1846;wdf-895;wdf-0895;http://www.steinheim-institut.de/cgi-bin/epidat?id=wdf-895
wld-01.004.006-00;1846;1846;wdf-897;wdf-0897;http://www.steinheim-institut.de/cgi-bin/epidat?id=wdf-897
wld-01.004.007-00;1846;1846;wdf-899;wdf-0899;http://www.steinheim-institut.de/cgi-bin/epidat?id=wdf-899
wld-01.004.008-00;1846;1846;wdf-901;wdf-0901;http://www.steinheim-institut.de/cgi-bin/epidat?id=wdf-901
wld-01.005.001-00;;;wdf-903;wdf-0903;http://www.steinheim-institut.de/cgi-bin/epidat?id=wdf-903
wld-01.005.002-00;1843;1843;wdf-905;wdf-0905;http://www.steinheim-institut.de/cgi-bin/epidat?id=wdf-905
wld-01.005.003-00;;;wdf-907;wdf-0907;http://www.steinheim-institut.de/cgi-bin/epidat?id=wdf-907
wld-01.005.004-00;1844;1844;wdf-909;wdf-0909;http://www.steinheim-institut.de/cgi-bin/epidat?id=wdf-909
wld-01.005.005-00;1845;1845;wdf-911;wdf-0911;http://www.steinheim-institut.de/cgi-bin/epidat?id=wdf-911
wld-01.005.006-00;1845;1845;wdf-913;wdf-0913;http://www.steinheim-institut.de/cgi-bin/epidat?id=wdf-913
wld-01.005.007-00;1845;1845;wdf-915;wdf-0915;http://www.steinheim-institut.de/cgi-bin/epidat?id=wdf-915
wld-01.005.008-00;1846;1846;wdf-917;wdf-0917;http://www.steinheim-institut.de/cgi-bin/epidat?id=wdf-917
wld-01.005.009-00;1846;1846;wdf-919;wdf-0919;http://www.steinheim-institut.de/cgi-bin/epidat?id=wdf-919
wld-01.005.010-00;1846;1846;wdf-921;wdf-0921;http://www.steinheim-institut.de/cgi-bin/epidat?id=wdf-921
wld-01.006.001-00;1821;1821;wdf-699;wdf-0699;http://www.steinheim-institut.de/cgi-bin/epidat?id=wdf-699
wld-01.006.002-00;1821;1821;wdf-700;wdf-0700;http://www.steinheim-institut.de/cgi-bin/epidat?id=wdf-700
wld-01.006.003-00;1821;1820/21;wdf-701;wdf-0701;http://www.steinheim-institut.de/cgi-bin/epidat?id=wdf-701
wld-01.006.004-00;1823;1823;wdf-702;wdf-0702;http://www.steinheim-institut.de/cgi-bin/epidat?id=wdf-702
wld-01.006.005-00;;;wdf-703;wdf-0703;http://www.steinheim-institut.de/cgi-bin/epidat?id=wdf-703
wld-01.006.006-00;1819;1819;wdf-704;wdf-0704;http://www.steinheim-institut.de/cgi-bin/epidat?id=wdf-704
wld-01.006.007-00;1812;1811/12;wdf-705;wdf-0705;http://www.steinheim-institut.de/cgi-bin/epidat?id=wdf-705
wld-01.006.008-00;1822;1822;wdf-706;wdf-0706;http://www.steinheim-institut.de/cgi-bin/epidat?id=wdf-706
wld-01.006.009-00;;;wdf-707;wdf-0707;http://www.steinheim-institut.de/cgi-bin/epidat?id=wdf-707
wld-01.006.010-00;1816;1816;wdf-708;wdf-0708;http://www.steinheim-institut.de/cgi-bin/epidat?id=wdf-708
wld-01.006.011-00;;;wdf-709;wdf-0709;http://www.steinheim-institut.de/cgi-bin/epidat?id=wdf-709
wld-01.006.012-00;1806;1806;wdf-710;wdf-0710;http://www.steinheim-institut.de/cgi-bin/epidat?id=wdf-710
wld-01.006.013-00;1805;1805;wdf-711;wdf-0711;http://www.steinheim-institut.de/cgi-bin/epidat?id=wdf-711
wld-01.006.014-00;1818;1818?;wdf-712;wdf-0712;http://www.steinheim-institut.de/cgi-bin/epidat?id=wdf-712
wld-01.006.015-00;1808;1808;wdf-713;wdf-0713;http://www.steinheim-institut.de/cgi-bin/epidat?id=wdf-713
wld-01.006.016-00;;;wdf-714;wdf-0714;http://www.steinheim-institut.de/cgi-bin/epidat?id=wdf-714
wld-01.006.017-00;1806;1806;wdf-715;wdf-0715;http://www.steinheim-institut.de/cgi-bin/epidat?id=wdf-715
wld-01.006.018-00;;;wdf-716;wdf-0716;http://www.steinheim-institut.de/cgi-bin/epidat?id=wdf-716
wld-01.006.019-00;;;wdf-717;wdf-0717;http://www.steinheim-institut.de/cgi-bin/epidat?id=wdf-717
wld-01.006.020-00;1841;1841;wdf-718;wdf-0718;http://www.steinheim-institut.de/cgi-bin/epidat?id=wdf-718
wld-01.006.021-00;1805;1805;wdf-719;wdf-0719;http://www.steinheim-institut.de/cgi-bin/epidat?id=wdf-719
wld-01.007.001-00;1837;1837;wdf-607;wdf-0607;http://www.steinheim-institut.de/cgi-bin/epidat?id=wdf-607
wld-01.007.002-00;1826;1826;wdf-608;wdf-0608;http://www.steinheim-institut.de/cgi-bin/epidat?id=wdf-608
wld-01.007.003-00;1825;1825;wdf-609;wdf-0609;http://www.steinheim-institut.de/cgi-bin/epidat?id=wdf-609
wld-01.007.004-00;1824;1824;wdf-657;wdf-0657;http://www.steinheim-institut.de/cgi-bin/epidat?id=wdf-657
wld-01.007.005-00;;;wdf-658;wdf-0658;http://www.steinheim-institut.de/cgi-bin/epidat?id=wdf-658
wld-01.007.006-00;;;wdf-659;wdf-0659;http://www.steinheim-institut.de/cgi-bin/epidat?id=wdf-659
wld-01.007.007-00;;;wdf-660;wdf-0660;http://www.steinheim-institut.de/cgi-bin/epidat?id=wdf-660
wld-01.007.008-00;;;wdf-661;wdf-0661;http://www.steinheim-institut.de/cgi-bin/epidat?id=wdf-661
wld-01.007.009-00;;;wdf-662;wdf-0662;http://www.steinheim-institut.de/cgi-bin/epidat?id=wdf-662
wld-01.007.010-00;;;wdf-663;wdf-0663;http://www.steinheim-institut.de/cgi-bin/epidat?id=wdf-663
wld-01.007.011-00;1835;1835?;wdf-664;wdf-0664;http://www.steinheim-institut.de/cgi-bin/epidat?id=wdf-664
wld-01.007.012-00;1816;1815/16;wdf-665;wdf-0665;http://www.steinheim-institut.de/cgi-bin/epidat?id=wdf-665
wld-01.007.013-00;;;wdf-666;wdf-0666;http://www.steinheim-institut.de/cgi-bin/epidat?id=wdf-666
wld-01.007.014-00;1818;1818;wdf-667;wdf-0667;http://www.steinheim-institut.de/cgi-bin/epidat?id=wdf-667
wld-01.007.015-00;1816;1816;wdf-668;wdf-0668;http://www.steinheim-institut.de/cgi-bin/epidat?id=wdf-668
wld-01.007.016-00;;;wdf-669;wdf-0669;http://www.steinheim-institut.de/cgi-bin/epidat?id=wdf-669
wld-01.007.017-00;1815;1815;wdf-670;wdf-0670;http://www.steinheim-institut.de/cgi-bin/epidat?id=wdf-670
wld-01.007.018-00;1803;1803;wdf-671;wdf-0671;http://www.steinheim-institut.de/cgi-bin/epidat?id=wdf-671
wld-01.007.019-00;1801;1801;wdf-672;wdf-0672;http://www.steinheim-institut.de/cgi-bin/epidat?id=wdf-672
wld-01.007.020-00;1800;1800;wdf-673;wdf-0673;http://www.steinheim-institut.de/cgi-bin/epidat?id=wdf-673
wld-01.007.021-00;1799;1799;wdf-674;wdf-0674;http://www.steinheim-institut.de/cgi-bin/epidat?id=wdf-674
wld-01.007.022-00;1800;1800;wdf-720;wdf-0720;http://www.steinheim-institut.de/cgi-bin/epidat?id=wdf-720
wld-01.007.023-00;1799;1799;wdf-721;wdf-0721;http://www.steinheim-institut.de/cgi-bin/epidat?id=wdf-721
wld-01.007.024-00;1798;1798;wdf-722;wdf-0722;http://www.steinheim-institut.de/cgi-bin/epidat?id=wdf-722
wld-01.007.025-00;;;wdf-723;wdf-0723;http://www.steinheim-institut.de/cgi-bin/epidat?id=wdf-723
wld-01.007.026-00;1798;1798;wdf-724;wdf-0724;http://www.steinheim-institut.de/cgi-bin/epidat?id=wdf-724
wld-01.007.027-00;1798;1798;wdf-725;wdf-0725;http://www.steinheim-institut.de/cgi-bin/epidat?id=wdf-725
wld-01.007.028-00;1799;1799;wdf-726;wdf-0726;http://www.steinheim-institut.de/cgi-bin/epidat?id=wdf-726
wld-01.007.029-00;1802;1802;wdf-727;wdf-0727;http://www.steinheim-institut.de/cgi-bin/epidat?id=wdf-727
wld-01.008.001-00;1851;1851;wdf-561;wdf-0561;http://www.steinheim-institut.de/cgi-bin/epidat?id=wdf-561
wld-01.008.002-00;1830;1830;wdf-610;wdf-0610;http://www.steinheim-institut.de/cgi-bin/epidat?id=wdf-610
wld-01.008.003-00;;;wdf-611;wdf-0611;http://www.steinheim-institut.de/cgi-bin/epidat?id=wdf-611
wld-01.008.004-00;1823;1823;wdf-612;wdf-0612;http://www.steinheim-institut.de/cgi-bin/epidat?id=wdf-612
wld-01.008.005-00;1830;1829/30;wdf-613;wdf-0613;http://www.steinheim-institut.de/cgi-bin/epidat?id=wdf-613
wld-01.008.006-00;1818;1818;wdf-614;wdf-0614;http://www.steinheim-institut.de/cgi-bin/epidat?id=wdf-614
wld-01.008.007-00;1818;1818;wdf-615;wdf-0615;http://www.steinheim-institut.de/cgi-bin/epidat?id=wdf-615
wld-01.008.008-00;;;wdf-616;wdf-0616;http://www.steinheim-institut.de/cgi-bin/epidat?id=wdf-616
wld-01.008.009-00;1822;1822;wdf-617;wdf-0617;http://www.steinheim-institut.de/cgi-bin/epidat?id=wdf-617
wld-01.008.010-00;1823;1823;wdf-618;wdf-0618;http://www.steinheim-institut.de/cgi-bin/epidat?id=wdf-618
wld-01.008.011-00;1820;1820;wdf-619;wdf-0619;http://www.steinheim-institut.de/cgi-bin/epidat?id=wdf-619
wld-01.008.012-00;1793;1793;wdf-623;wdf-0623;http://www.steinheim-institut.de/cgi-bin/epidat?id=wdf-623
wld-01.008.013-00;;;wdf-675;wdf-0675;http://www.steinheim-institut.de/cgi-bin/epidat?id=wdf-675
wld-01.008.014-00;;;wdf-676;wdf-0676;http://www.steinheim-institut.de/cgi-bin/epidat?id=wdf-676
wld-01.008.015-00;1801;1801;wdf-677;wdf-0677;http://www.steinheim-institut.de/cgi-bin/epidat?id=wdf-677
wld-01.008.016-00;1800;um 1800;wdf-678;wdf-0678;http://www.steinheim-institut.de/cgi-bin/epidat?id=wdf-678
wld-01.008.017-00;1799;1799;wdf-679;wdf-0679;http://www.steinheim-institut.de/cgi-bin/epidat?id=wdf-679
wld-01.008.018-00;1798;1798;wdf-680;wdf-0680;http://www.steinheim-institut.de/cgi-bin/epidat?id=wdf-680
wld-01.008.019-00;1798;1798;wdf-681;wdf-0681;http://www.steinheim-institut.de/cgi-bin/epidat?id=wdf-681
wld-01.008.019-00;1798;1798;wdf-681;wdf-0681;http://www.steinheim-institut.de/cgi-bin/epidat?id=wdf-681
wld-01.008.020-00;;;wdf-682;wdf-0682;http://www.steinheim-institut.de/cgi-bin/epidat?id=wdf-682
wld-01.008.021-00;1818;1818;wdf-683;wdf-0683;http://www.steinheim-institut.de/cgi-bin/epidat?id=wdf-683
wld-01.008.022-00;1819;1819;wdf-684;wdf-0684;http://www.steinheim-institut.de/cgi-bin/epidat?id=wdf-684
wld-01.009.001-00;1822;1822;wdf-562;wdf-0562;http://www.steinheim-institut.de/cgi-bin/epidat?id=wdf-562
wld-01.009.002-00;;;wdf-563;wdf-0563;http://www.steinheim-institut.de/cgi-bin/epidat?id=wdf-563
wld-01.009.003-00;1817;1817;wdf-564;wdf-0564;http://www.steinheim-institut.de/cgi-bin/epidat?id=wdf-564
wld-01.009.004-00;1816;1816;wdf-565;wdf-0565;http://www.steinheim-institut.de/cgi-bin/epidat?id=wdf-565
wld-01.009.005-00;1821;1821;wdf-568;wdf-0568;http://www.steinheim-institut.de/cgi-bin/epidat?id=wdf-568
wld-01.009.006-00;1822;1822;wdf-569;wdf-0569;http://www.steinheim-institut.de/cgi-bin/epidat?id=wdf-569
wld-01.009.007-00;1819;1819;wdf-620;wdf-0620;http://www.steinheim-institut.de/cgi-bin/epidat?id=wdf-620
wld-01.009.008-00;1817;1817;wdf-621;wdf-0621;http://www.steinheim-institut.de/cgi-bin/epidat?id=wdf-621
wld-01.009.009-00;1757;1757;wdf-622;wdf-0622;http://www.steinheim-institut.de/cgi-bin/epidat?id=wdf-622
wld-01.009.010-00;1730;1730;wdf-624;wdf-0624;http://www.steinheim-institut.de/cgi-bin/epidat?id=wdf-624
wld-01.009.011-00;;;wdf-625;wdf-0625;http://www.steinheim-institut.de/cgi-bin/epidat?id=wdf-625
wld-01.009.012-00;1727;1727;wdf-626;wdf-0626;http://www.steinheim-institut.de/cgi-bin/epidat?id=wdf-626
wld-01.009.013-00;1730;1730;wdf-627;wdf-0627;http://www.steinheim-institut.de/cgi-bin/epidat?id=wdf-627
wld-01.009.014-00;;;wdf-628;wdf-0628;http://www.steinheim-institut.de/cgi-bin/epidat?id=wdf-628
wld-01.009.015-00;1749;1749;wdf-629;wdf-0629;http://www.steinheim-institut.de/cgi-bin/epidat?id=wdf-629
wld-01.009.016-00;1742;1742;wdf-630;wdf-0630;http://www.steinheim-institut.de/cgi-bin/epidat?id=wdf-630
wld-01.009.017-00;1693;1693;wdf-631;wdf-0631;http://www.steinheim-institut.de/cgi-bin/epidat?id=wdf-631
wld-01.009.018-00;1693;1692/3;wdf-632;wdf-0632;http://www.steinheim-institut.de/cgi-bin/epidat?id=wdf-632
wld-01.009.047-00;;;wdf-860;wdf-0860;http://www.steinheim-institut.de/cgi-bin/epidat?id=wdf-860
wld-01.010.001-00;1818;1818;wdf-514;wdf-0514;http://www.steinheim-institut.de/cgi-bin/epidat?id=wdf-514
wld-01.010.002-00;;;wdf-566;wdf-0566;http://www.steinheim-institut.de/cgi-bin/epidat?id=wdf-566
wld-01.010.003-00;;;wdf-567;wdf-0567;http://www.steinheim-institut.de/cgi-bin/epidat?id=wdf-567
wld-01.010.004-01;1758;1758;wdf-570;wdf-0570;http://www.steinheim-institut.de/cgi-bin/epidat?id=wdf-570
wld-01.010.005-00;;;wdf-571;wdf-0571;http://www.steinheim-institut.de/cgi-bin/epidat?id=wdf-571
wld-01.010.006-00;1739;1739;wdf-573;wdf-0573;http://www.steinheim-institut.de/cgi-bin/epidat?id=wdf-573
wld-01.010.006-01;1739;1739;wdf-572;wdf-0572;http://www.steinheim-institut.de/cgi-bin/epidat?id=wdf-572
wld-01.010.007-00;1734;1734;wdf-574;wdf-0574;http://www.steinheim-institut.de/cgi-bin/epidat?id=wdf-574
wld-01.010.008-00;1819;1819;wdf-575;wdf-0575;http://www.steinheim-institut.de/cgi-bin/epidat?id=wdf-575
wld-01.010.009-00;1730;1730;wdf-576;wdf-0576;http://www.steinheim-institut.de/cgi-bin/epidat?id=wdf-576
wld-01.010.010-00;;;wdf-577;wdf-0577;http://www.steinheim-institut.de/cgi-bin/epidat?id=wdf-577
wld-01.010.010-01;;;wdf-578;wdf-0578;http://www.steinheim-institut.de/cgi-bin/epidat?id=wdf-578
wld-01.010.011-00;1750;1750;wdf-579;wdf-0579;http://www.steinheim-institut.de/cgi-bin/epidat?id=wdf-579
wld-01.010.012-00;1775;1775;wdf-580;wdf-0580;http://www.steinheim-institut.de/cgi-bin/epidat?id=wdf-580
wld-01.010.013-00;;;wdf-581;wdf-0581;http://www.steinheim-institut.de/cgi-bin/epidat?id=wdf-581
wld-01.011.001-00;1837;1837;wdf-504;wdf-0504;http://www.steinheim-institut.de/cgi-bin/epidat?id=wdf-504
wld-01.011.002-00;1825;1825;wdf-505;wdf-0505;http://www.steinheim-institut.de/cgi-bin/epidat?id=wdf-505
wld-01.011.003-00;1824;1824;wdf-506;wdf-0506;http://www.steinheim-institut.de/cgi-bin/epidat?id=wdf-506
wld-01.011.004-00;1825;1825;wdf-507;wdf-0507;http://www.steinheim-institut.de/cgi-bin/epidat?id=wdf-507
wld-01.011.005-00;1825;1825;wdf-508;wdf-0508;http://www.steinheim-institut.de/cgi-bin/epidat?id=wdf-508
wld-01.011.006-00;1829;1829;wdf-509;wdf-0509;http://www.steinheim-institut.de/cgi-bin/epidat?id=wdf-509
wld-01.011.007-00;1818;1818;wdf-510;wdf-0510;http://www.steinheim-institut.de/cgi-bin/epidat?id=wdf-510
wld-01.011.008-00;;;wdf-511;wdf-0511;http://www.steinheim-institut.de/cgi-bin/epidat?id=wdf-511
wld-01.011.009-00;;;wdf-512;wdf-0512;http://www.steinheim-institut.de/cgi-bin/epidat?id=wdf-512
wld-01.011.010-00;1818;1818;wdf-513;wdf-0513;http://www.steinheim-institut.de/cgi-bin/epidat?id=wdf-513
wld-01.011.011-00;1818;1818?;wdf-515;wdf-0515;http://www.steinheim-institut.de/cgi-bin/epidat?id=wdf-515
wld-01.011.012-00;1837;1837;wdf-516;wdf-0516;http://www.steinheim-institut.de/cgi-bin/epidat?id=wdf-516
wld-01.011.013-00;1812;1812;wdf-517;wdf-0517;http://www.steinheim-institut.de/cgi-bin/epidat?id=wdf-517
wld-01.011.014-00;1816;1815/16?;wdf-518;wdf-0518;http://www.steinheim-institut.de/cgi-bin/epidat?id=wdf-518
wld-01.011.015-00;1810;1810;wdf-519;wdf-0519;http://www.steinheim-institut.de/cgi-bin/epidat?id=wdf-519
wld-01.011.016-00;;;wdf-520;wdf-0520;http://www.steinheim-institut.de/cgi-bin/epidat?id=wdf-520
wld-01.011.017-00;1740;1740;wdf-521;wdf-0521;http://www.steinheim-institut.de/cgi-bin/epidat?id=wdf-521
wld-01.011.018-00;1743;1743;wdf-522;wdf-0522;http://www.steinheim-institut.de/cgi-bin/epidat?id=wdf-522
wld-01.011.019-00;1631;1631;wdf-523;wdf-0523;http://www.steinheim-institut.de/cgi-bin/epidat?id=wdf-523
wld-01.011.020-00;;;wdf-524;wdf-0524;http://www.steinheim-institut.de/cgi-bin/epidat?id=wdf-524
wld-01.011.021-00;;;wdf-525;wdf-0525;http://www.steinheim-institut.de/cgi-bin/epidat?id=wdf-525
wld-01.011.022-00;1746;1746;wdf-526;wdf-0526;http://www.steinheim-institut.de/cgi-bin/epidat?id=wdf-526
wld-01.011.023-00;1743;1743;wdf-527;wdf-0527;http://www.steinheim-institut.de/cgi-bin/epidat?id=wdf-527
wld-01.011.024-00;1824;1824;wdf-528;wdf-0528;http://www.steinheim-institut.de/cgi-bin/epidat?id=wdf-528
wld-01.011.026-00;;;wdf-530;wdf-0530;http://www.steinheim-institut.de/cgi-bin/epidat?id=wdf-530
wld-01.012.001-00;1851;1851;wdf-462;wdf-0462;http://www.steinheim-institut.de/cgi-bin/epidat?id=wdf-462
wld-01.012.002-00;;;wdf-463;wdf-0463;http://www.steinheim-institut.de/cgi-bin/epidat?id=wdf-463
wld-01.012.003-00;1825;1825;wdf-464;wdf-0464;http://www.steinheim-institut.de/cgi-bin/epidat?id=wdf-464
wld-01.012.004-00;;;wdf-465;wdf-0465;http://www.steinheim-institut.de/cgi-bin/epidat?id=wdf-465
wld-01.012.005-00;1828;1828;wdf-466;wdf-0466;http://www.steinheim-institut.de/cgi-bin/epidat?id=wdf-466
wld-01.012.006-00;1820;1820;wdf-467;wdf-0467;http://www.steinheim-institut.de/cgi-bin/epidat?id=wdf-467
wld-01.012.007-00;1821;1821;wdf-468;wdf-0468;http://www.steinheim-institut.de/cgi-bin/epidat?id=wdf-468
wld-01.012.008-00;1818;1818;wdf-469;wdf-0469;http://www.steinheim-institut.de/cgi-bin/epidat?id=wdf-469
wld-01.012.009-00;1821;1821;wdf-470;wdf-0470;http://www.steinheim-institut.de/cgi-bin/epidat?id=wdf-470
wld-01.012.010-00;1811;1811;wdf-471;wdf-0471;http://www.steinheim-institut.de/cgi-bin/epidat?id=wdf-471
wld-01.012.011-00;;;wdf-472;wdf-0472;http://www.steinheim-institut.de/cgi-bin/epidat?id=wdf-472
wld-01.012.012-00;1819;1819;wdf-473;wdf-0473;http://www.steinheim-institut.de/cgi-bin/epidat?id=wdf-473
wld-01.012.013-00;1811;1811;wdf-474;wdf-0474;http://www.steinheim-institut.de/cgi-bin/epidat?id=wdf-474
wld-01.012.014-00;;;wdf-475;wdf-0475;http://www.steinheim-institut.de/cgi-bin/epidat?id=wdf-475
wld-01.012.015-00;1807;1807;wdf-476;wdf-0476;http://www.steinheim-institut.de/cgi-bin/epidat?id=wdf-476
wld-01.012.016-00;1630;1630;wdf-477;wdf-0477;http://www.steinheim-institut.de/cgi-bin/epidat?id=wdf-477
wld-01.012.017-00;1746;1746;wdf-478;wdf-0478;http://www.steinheim-institut.de/cgi-bin/epidat?id=wdf-478
wld-01.012.018-00;1786;1786;wdf-531;wdf-0531;http://www.steinheim-institut.de/cgi-bin/epidat?id=wdf-531
wld-01.013.001-00;1828;1828;wdf-432;wdf-0432;http://www.steinheim-institut.de/cgi-bin/epidat?id=wdf-432
wld-01.013.002-00;1818;1818;wdf-433;wdf-0433;http://www.steinheim-institut.de/cgi-bin/epidat?id=wdf-433
wld-01.013.003-00;;;wdf-434;wdf-0434;http://www.steinheim-institut.de/cgi-bin/epidat?id=wdf-434
wld-01.013.004-00;;;wdf-435;wdf-0435;http://www.steinheim-institut.de/cgi-bin/epidat?id=wdf-435
wld-01.013.005-00;;;wdf-436;wdf-0436;http://www.steinheim-institut.de/cgi-bin/epidat?id=wdf-436
wld-01.013.006-00;1818;1818;wdf-437;wdf-0437;http://www.steinheim-institut.de/cgi-bin/epidat?id=wdf-437
wld-01.013.007-00;;;wdf-438;wdf-0438;http://www.steinheim-institut.de/cgi-bin/epidat?id=wdf-438
wld-01.013.008-00;1820;1820;wdf-439;wdf-0439;http://www.steinheim-institut.de/cgi-bin/epidat?id=wdf-439
wld-01.013.009-00;1809;1808/09;wdf-440;wdf-0440;http://www.steinheim-institut.de/cgi-bin/epidat?id=wdf-440
wld-01.013.010-00;;;wdf-441;wdf-0441;http://www.steinheim-institut.de/cgi-bin/epidat?id=wdf-441
wld-01.013.013-00;1745;1745;wdf-445;wdf-0445;http://www.steinheim-institut.de/cgi-bin/epidat?id=wdf-445
wld-01.013.014-00;1781;1781;wdf-446;wdf-0446;http://www.steinheim-institut.de/cgi-bin/epidat?id=wdf-446
wld-01.013.015-00;1769;1769;wdf-480;wdf-0480;http://www.steinheim-institut.de/cgi-bin/epidat?id=wdf-480
wld-01.013.016-00;1742;1742;wdf-481;wdf-0481;http://www.steinheim-institut.de/cgi-bin/epidat?id=wdf-481
wld-01.014.001-00;;;wdf-375;wdf-0375;http://www.steinheim-institut.de/cgi-bin/epidat?id=wdf-375
wld-01.014.002-00;1825;1825;wdf-376;wdf-0376;http://www.steinheim-institut.de/cgi-bin/epidat?id=wdf-376
wld-01.014.003-00;;;wdf-377;wdf-0377;http://www.steinheim-institut.de/cgi-bin/epidat?id=wdf-377
wld-01.014.004-00;1826;1826;wdf-378;wdf-0378;http://www.steinheim-institut.de/cgi-bin/epidat?id=wdf-378
wld-01.014.005-00;1827;1827;wdf-379;wdf-0379;http://www.steinheim-institut.de/cgi-bin/epidat?id=wdf-379
wld-01.014.006-00;1827;1827;wdf-380;wdf-0380;http://www.steinheim-institut.de/cgi-bin/epidat?id=wdf-380
wld-01.014.008-00;;;wdf-382;wdf-0382;http://www.steinheim-institut.de/cgi-bin/epidat?id=wdf-382
wld-01.014.009-00;1827;1827;wdf-383;wdf-0383;http://www.steinheim-institut.de/cgi-bin/epidat?id=wdf-383
wld-01.014.010-00;1826;1826;wdf-384;wdf-0384;http://www.steinheim-institut.de/cgi-bin/epidat?id=wdf-384
wld-01.014.011-00;1818;1818;wdf-385;wdf-0385;http://www.steinheim-institut.de/cgi-bin/epidat?id=wdf-385
wld-01.014.012-00;1818;1818;wdf-386;wdf-0386;http://www.steinheim-institut.de/cgi-bin/epidat?id=wdf-386
wld-01.014.013-00;1818;1818;wdf-387;wdf-0387;http://www.steinheim-institut.de/cgi-bin/epidat?id=wdf-387
wld-01.014.014-00;1820;1820;wdf-388;wdf-0388;http://www.steinheim-institut.de/cgi-bin/epidat?id=wdf-388
wld-01.014.015-00;1830;1830;wdf-390;wdf-0390;http://www.steinheim-institut.de/cgi-bin/epidat?id=wdf-390
wld-01.014.016-00;1820;1820?;wdf-389;wdf-0389;http://www.steinheim-institut.de/cgi-bin/epidat?id=wdf-389
wld-01.014.017-00;1829;1829;wdf-391;wdf-0391;http://www.steinheim-institut.de/cgi-bin/epidat?id=wdf-391
wld-01.014.018-00;1829;1829;wdf-392;wdf-0392;http://www.steinheim-institut.de/cgi-bin/epidat?id=wdf-392
wld-01.014.019-00;1835;1835?;wdf-393;wdf-0393;http://www.steinheim-institut.de/cgi-bin/epidat?id=wdf-393
wld-01.014.020-00;;;wdf-394;wdf-0394;http://www.steinheim-institut.de/cgi-bin/epidat?id=wdf-394
wld-01.014.021-00;1835;1835;wdf-395;wdf-0395;http://www.steinheim-institut.de/cgi-bin/epidat?id=wdf-395
wld-01.014.022-00;1741;1741;wdf-396;wdf-0396;http://www.steinheim-institut.de/cgi-bin/epidat?id=wdf-396
wld-01.014.023-00;1733;1733;wdf-397;wdf-0397;http://www.steinheim-institut.de/cgi-bin/epidat?id=wdf-397
wld-01.014.024-00;1730;1730;wdf-398;wdf-0398;http://www.steinheim-institut.de/cgi-bin/epidat?id=wdf-398
wld-01.014.025-00;;;wdf-399;wdf-0399;http://www.steinheim-institut.de/cgi-bin/epidat?id=wdf-399
wld-01.014.026-00;1743;1743;wdf-400;wdf-0400;http://www.steinheim-institut.de/cgi-bin/epidat?id=wdf-400
wld-01.014.027-00;1742;1742;wdf-401;wdf-0401;http://www.steinheim-institut.de/cgi-bin/epidat?id=wdf-401
wld-01.014.028-00;1740;1740;wdf-402;wdf-0402;http://www.steinheim-institut.de/cgi-bin/epidat?id=wdf-402
wld-01.014.029-00;1741;1741;wdf-403;wdf-0403;http://www.steinheim-institut.de/cgi-bin/epidat?id=wdf-403
wld-01.014.030-00;1761;1761;wdf-410;wdf-0410;http://www.steinheim-institut.de/cgi-bin/epidat?id=wdf-410
wld-01.014.031-00;1781;1781;wdf-411;wdf-0411;http://www.steinheim-institut.de/cgi-bin/epidat?id=wdf-411
wld-01.014.032-00;1796;1796;wdf-447;wdf-0447;http://www.steinheim-institut.de/cgi-bin/epidat?id=wdf-447
wld-01.015.001-00;;;wdf-326;wdf-0326;http://www.steinheim-institut.de/cgi-bin/epidat?id=wdf-326
wld-01.015.002-00;;;wdf-327;wdf-0327;http://www.steinheim-institut.de/cgi-bin/epidat?id=wdf-327
wld-01.015.003-00;1828;1828;wdf-328;wdf-0328;http://www.steinheim-institut.de/cgi-bin/epidat?id=wdf-328
wld-01.015.004-00;1831;1831;wdf-329;wdf-0329;http://www.steinheim-institut.de/cgi-bin/epidat?id=wdf-329
wld-01.015.005-00;;;wdf-330;wdf-0330;http://www.steinheim-institut.de/cgi-bin/epidat?id=wdf-330
wld-01.015.006-00;1830;1829/30;wdf-331;wdf-0331;http://www.steinheim-institut.de/cgi-bin/epidat?id=wdf-331
wld-01.015.007-00;1832;1832;wdf-332;wdf-0332;http://www.steinheim-institut.de/cgi-bin/epidat?id=wdf-332
wld-01.015.008-00;;;wdf-333;wdf-0333;http://www.steinheim-institut.de/cgi-bin/epidat?id=wdf-333
wld-01.015.009-00;1829;1829;wdf-334;wdf-0334;http://www.steinheim-institut.de/cgi-bin/epidat?id=wdf-334
wld-01.015.010-00;1831;1831;wdf-335;wdf-0335;http://www.steinheim-institut.de/cgi-bin/epidat?id=wdf-335
wld-01.015.011-00;;;wdf-336;wdf-0336;http://www.steinheim-institut.de/cgi-bin/epidat?id=wdf-336
wld-01.015.012-00;;;wdf-337;wdf-0337;http://www.steinheim-institut.de/cgi-bin/epidat?id=wdf-337
wld-01.015.013-00;1831;1831;wdf-338;wdf-0338;http://www.steinheim-institut.de/cgi-bin/epidat?id=wdf-338
wld-01.015.014-00;1831;1831;wdf-339;wdf-0339;http://www.steinheim-institut.de/cgi-bin/epidat?id=wdf-339
wld-01.015.015-00;1832;1832;wdf-340;wdf-0340;http://www.steinheim-institut.de/cgi-bin/epidat?id=wdf-340
wld-01.015.016-00;1832;1832;wdf-341;wdf-0341;http://www.steinheim-institut.de/cgi-bin/epidat?id=wdf-341
wld-01.015.017-00;1833;1833;wdf-342;wdf-0342;http://www.steinheim-institut.de/cgi-bin/epidat?id=wdf-342
wld-01.015.018-00;1834;1834;wdf-343;wdf-0343;http://www.steinheim-institut.de/cgi-bin/epidat?id=wdf-343
wld-01.015.019-00;1834;1834;wdf-277;wdf-0277;http://www.steinheim-institut.de/cgi-bin/epidat?id=wdf-277
wld-01.015.020-00;1842;1842;wdf-278;wdf-0278;http://www.steinheim-institut.de/cgi-bin/epidat?id=wdf-278
wld-01.015.021-00;1836;1836;wdf-279;wdf-0279;http://www.steinheim-institut.de/cgi-bin/epidat?id=wdf-279
wld-01.015.022-00;1836;1836;wdf-280;wdf-0280;http://www.steinheim-institut.de/cgi-bin/epidat?id=wdf-280
wld-01.015.023-00;;;wdf-281;wdf-0281;http://www.steinheim-institut.de/cgi-bin/epidat?id=wdf-281
wld-01.015.024-00;1841;1841;wdf-282;wdf-0282;http://www.steinheim-institut.de/cgi-bin/epidat?id=wdf-282
wld-01.015.025-00;1728;1728;wdf-283;wdf-0283;http://www.steinheim-institut.de/cgi-bin/epidat?id=wdf-283
wld-01.015.026-00;1727;1727;wdf-284;wdf-0284;http://www.steinheim-institut.de/cgi-bin/epidat?id=wdf-284
wld-01.015.027-00;1843;1843;wdf-285;wdf-0285;http://www.steinheim-institut.de/cgi-bin/epidat?id=wdf-285
wld-01.015.028-00;1842;1842;wdf-286;wdf-0286;http://www.steinheim-institut.de/cgi-bin/epidat?id=wdf-286
wld-01.016.001-00;1722;1722?;wdf-404;wdf-0404;http://www.steinheim-institut.de/cgi-bin/epidat?id=wdf-404
wld-01.016.002-00;;;wdf-405;wdf-0405;http://www.steinheim-institut.de/cgi-bin/epidat?id=wdf-405
wld-01.016.003-00;1735;1735;wdf-406;wdf-0406;http://www.steinheim-institut.de/cgi-bin/epidat?id=wdf-406
wld-01.016.004-00;1639;1639;wdf-407;wdf-0407;http://www.steinheim-institut.de/cgi-bin/epidat?id=wdf-407
wld-01.016.005-00;1740;1740;wdf-408;wdf-0408;http://www.steinheim-institut.de/cgi-bin/epidat?id=wdf-408
wld-01.016.006-00;1719;1719;wdf-409;wdf-0409;http://www.steinheim-institut.de/cgi-bin/epidat?id=wdf-409
wld-01.017.001-00;1722;1722;wdf-351;wdf-0351;http://www.steinheim-institut.de/cgi-bin/epidat?id=wdf-351
wld-01.017.002-00;1721;1721;wdf-352;wdf-0352;http://www.steinheim-institut.de/cgi-bin/epidat?id=wdf-352
wld-01.017.003-00;;;wdf-353;wdf-0353;http://www.steinheim-institut.de/cgi-bin/epidat?id=wdf-353
wld-01.017.004-00;1720;1720;wdf-354;wdf-0354;http://www.steinheim-institut.de/cgi-bin/epidat?id=wdf-354
wld-01.017.005-00;1753;1753;wdf-355;wdf-0355;http://www.steinheim-institut.de/cgi-bin/epidat?id=wdf-355
wld-01.017.006-00;1763;1763;wdf-356;wdf-0356;http://www.steinheim-institut.de/cgi-bin/epidat?id=wdf-356
wld-01.017.007-00;1743;1743;wdf-357;wdf-0357;http://www.steinheim-institut.de/cgi-bin/epidat?id=wdf-357
wld-01.018.001-00;;;wdf-344;wdf-0344;http://www.steinheim-institut.de/cgi-bin/epidat?id=wdf-344
wld-01.018.002-00;;;wdf-345;wdf-0345;http://www.steinheim-institut.de/cgi-bin/epidat?id=wdf-345
wld-01.018.003-00;1722;1722;wdf-346;wdf-0346;http://www.steinheim-institut.de/cgi-bin/epidat?id=wdf-346
wld-01.018.004-00;1718;1718;wdf-347;wdf-0347;http://www.steinheim-institut.de/cgi-bin/epidat?id=wdf-347
wld-01.018.005-00;1721;1721;wdf-348;wdf-0348;http://www.steinheim-institut.de/cgi-bin/epidat?id=wdf-348
wld-01.018.006-00;;;wdf-349;wdf-0349;http://www.steinheim-institut.de/cgi-bin/epidat?id=wdf-349
wld-01.018.007-00;1720;1720;wdf-350;wdf-0350;http://www.steinheim-institut.de/cgi-bin/epidat?id=wdf-350
wld-01.019.001-00;1829;1829;wdf-324;wdf-0324;http://www.steinheim-institut.de/cgi-bin/epidat?id=wdf-324
wld-01.019.002-00;;;wdf-325;wdf-0325;http://www.steinheim-institut.de/cgi-bin/epidat?id=wdf-325
wld-01.019.003-00;1829;1829;wdf-315;wdf-0315;http://www.steinheim-institut.de/cgi-bin/epidat?id=wdf-315
wld-01.019.004-00;1829;1829;wdf-316;wdf-0316;http://www.steinheim-institut.de/cgi-bin/epidat?id=wdf-316
wld-01.019.005-00;1829;1829;wdf-317;wdf-0317;http://www.steinheim-institut.de/cgi-bin/epidat?id=wdf-317
wld-01.019.006-00;;;wdf-318;wdf-0318;http://www.steinheim-institut.de/cgi-bin/epidat?id=wdf-318
wld-01.019.007-00;1833;1833;wdf-319;wdf-0319;http://www.steinheim-institut.de/cgi-bin/epidat?id=wdf-319
wld-01.019.008-00;1830;1830;wdf-320;wdf-0320;http://www.steinheim-institut.de/cgi-bin/epidat?id=wdf-320
wld-01.019.009-00;1830;1830;wdf-321;wdf-0321;http://www.steinheim-institut.de/cgi-bin/epidat?id=wdf-321
wld-01.019.010-00;1830;1830;wdf-322;wdf-0322;http://www.steinheim-institut.de/cgi-bin/epidat?id=wdf-322
wld-01.019.011-00;;;wdf-323;wdf-0323;http://www.steinheim-institut.de/cgi-bin/epidat?id=wdf-323
wld-01.020.000-00;;;wdf-226;wdf-0226;http://www.steinheim-institut.de/cgi-bin/epidat?id=wdf-226
wld-01.020.001-00;1829;1829;wdf-313;wdf-0313;http://www.steinheim-institut.de/cgi-bin/epidat?id=wdf-313
wld-01.020.002-00;1836;1835/6?;wdf-314;wdf-0314;http://www.steinheim-institut.de/cgi-bin/epidat?id=wdf-314
wld-01.020.003-00;1834;1834;wdf-266;wdf-0266;http://www.steinheim-institut.de/cgi-bin/epidat?id=wdf-266
wld-01.020.004-00;1835;1835?;wdf-267;wdf-0267;http://www.steinheim-institut.de/cgi-bin/epidat?id=wdf-267
wld-01.020.005-00;1829;1829;wdf-268;wdf-0268;http://www.steinheim-institut.de/cgi-bin/epidat?id=wdf-268
wld-01.020.006-00;1829;1829;wdf-269;wdf-0269;http://www.steinheim-institut.de/cgi-bin/epidat?id=wdf-269
wld-01.020.007-00;1831;1830/31;wdf-270;wdf-0270;http://www.steinheim-institut.de/cgi-bin/epidat?id=wdf-270
wld-01.020.008-00;1830;1829/30?;wdf-271;wdf-0271;http://www.steinheim-institut.de/cgi-bin/epidat?id=wdf-271
wld-01.020.009-00;1831;1831;wdf-272;wdf-0272;http://www.steinheim-institut.de/cgi-bin/epidat?id=wdf-272
wld-01.020.010-00;1831;1831;wdf-273;wdf-0273;http://www.steinheim-institut.de/cgi-bin/epidat?id=wdf-273
wld-01.020.011-00;1832;1832;wdf-274;wdf-0274;http://www.steinheim-institut.de/cgi-bin/epidat?id=wdf-274
wld-01.020.012-00;1832;1832;wdf-275;wdf-0275;http://www.steinheim-institut.de/cgi-bin/epidat?id=wdf-275
wld-01.020.013-00;1832;1832;wdf-276;wdf-0276;http://www.steinheim-institut.de/cgi-bin/epidat?id=wdf-276
wld-01.020.014-00;1834;1834;wdf-218;wdf-0218;http://www.steinheim-institut.de/cgi-bin/epidat?id=wdf-218
wld-01.020.014-01;1836;1836;wdf-220;wdf-0220;http://www.steinheim-institut.de/cgi-bin/epidat?id=wdf-220
wld-01.020.015-00;1838;1838;wdf-219;wdf-0219;http://www.steinheim-institut.de/cgi-bin/epidat?id=wdf-219
wld-01.020.016-00;1836;1836;wdf-221;wdf-0221;http://www.steinheim-institut.de/cgi-bin/epidat?id=wdf-221
wld-01.020.017-00;1834;1834;wdf-222;wdf-0222;http://www.steinheim-institut.de/cgi-bin/epidat?id=wdf-222
wld-01.020.018-00;1834;1834;wdf-223;wdf-0223;http://www.steinheim-institut.de/cgi-bin/epidat?id=wdf-223
wld-01.020.019-00;1838;1838;wdf-224;wdf-0224;http://www.steinheim-institut.de/cgi-bin/epidat?id=wdf-224
wld-01.020.020-00;1838;1838;wdf-225;wdf-0225;http://www.steinheim-institut.de/cgi-bin/epidat?id=wdf-225
wld-01.020.021-00;;;wdf-227;wdf-0227;http://www.steinheim-institut.de/cgi-bin/epidat?id=wdf-227
wld-01.020.022-00;1838;1838;wdf-228;wdf-0228;http://www.steinheim-institut.de/cgi-bin/epidat?id=wdf-228
wld-01.020.023-00;;;wdf-229;wdf-0229;http://www.steinheim-institut.de/cgi-bin/epidat?id=wdf-229
wld-01.020.023-01;;;wdf-230;wdf-0230;http://www.steinheim-institut.de/cgi-bin/epidat?id=wdf-230
wld-01.020.024-00;1724;1724;wdf-231;wdf-0231;http://www.steinheim-institut.de/cgi-bin/epidat?id=wdf-231
wld-01.020.025-00;1728;1728;wdf-232;wdf-0232;http://www.steinheim-institut.de/cgi-bin/epidat?id=wdf-232
wld-01.020.025-00;1728;1728;wdf-232;wdf-0232;http://www.steinheim-institut.de/cgi-bin/epidat?id=wdf-232
wld-01.020.026-00;1819;1819;wdf-233;wdf-0233;http://www.steinheim-institut.de/cgi-bin/epidat?id=wdf-233
wld-01.020.027-00;;;wdf-234;wdf-0234;http://www.steinheim-institut.de/cgi-bin/epidat?id=wdf-234
wld-01.020.028-00;;;wdf-235;wdf-0235;http://www.steinheim-institut.de/cgi-bin/epidat?id=wdf-235
wld-01.020.029-00;;;wdf-236;wdf-0236;http://www.steinheim-institut.de/cgi-bin/epidat?id=wdf-236
wld-01.020.030-00;1729;1729;wdf-237;wdf-0237;http://www.steinheim-institut.de/cgi-bin/epidat?id=wdf-237
wld-01.021.002-00;1838;1838;wdf-203;wdf-0203;http://www.steinheim-institut.de/cgi-bin/epidat?id=wdf-203
wld-01.021.001-00;1850;1850;wdf-202;wdf-0202;http://www.steinheim-institut.de/cgi-bin/epidat?id=wdf-202
wld-01.021.003-00;1836;1836;wdf-204;wdf-0204;http://www.steinheim-institut.de/cgi-bin/epidat?id=wdf-204
wld-01.021.004-00;1830;1829/30;wdf-205;wdf-0205;http://www.steinheim-institut.de/cgi-bin/epidat?id=wdf-205
wld-01.021.005-00;1829;1829;wdf-206;wdf-0206;http://www.steinheim-institut.de/cgi-bin/epidat?id=wdf-206
wld-01.021.006-00;;;wdf-207;wdf-0207;http://www.steinheim-institut.de/cgi-bin/epidat?id=wdf-207
wld-01.021.007-00;1881;1881;wdf-208;wdf-0208;http://www.steinheim-institut.de/cgi-bin/epidat?id=wdf-208
wld-01.021.007-01;;;wdf-209;wdf-0209;http://www.steinheim-institut.de/cgi-bin/epidat?id=wdf-209
wld-01.021.008-00;;;wdf-210;wdf-0210;http://www.steinheim-institut.de/cgi-bin/epidat?id=wdf-210
wld-01.021.009-00;;;wdf-211;wdf-0211;http://www.steinheim-institut.de/cgi-bin/epidat?id=wdf-211
wld-01.021.010-00;1835;1835;wdf-212;wdf-0212;http://www.steinheim-institut.de/cgi-bin/epidat?id=wdf-212
wld-01.021.011-00;1836;1836;wdf-213;wdf-0213;http://www.steinheim-institut.de/cgi-bin/epidat?id=wdf-213
wld-01.021.012-00;1834;1834;wdf-214;wdf-0214;http://www.steinheim-institut.de/cgi-bin/epidat?id=wdf-214
wld-01.021.013-00;1829;1829;wdf-215;wdf-0215;http://www.steinheim-institut.de/cgi-bin/epidat?id=wdf-215
wld-01.021.014-00;;;wdf-216;wdf-0216;http://www.steinheim-institut.de/cgi-bin/epidat?id=wdf-216
wld-01.021.015-00;1835;1835;wdf-217;wdf-0217;http://www.steinheim-institut.de/cgi-bin/epidat?id=wdf-217
wld-01.022.001-00;;;wdf-194;wdf-0194;http://www.steinheim-institut.de/cgi-bin/epidat?id=wdf-194
wld-01.022.002-00;;;wdf-195;wdf-0195;http://www.steinheim-institut.de/cgi-bin/epidat?id=wdf-195
wld-01.022.003-00;;;wdf-196;wdf-0196;http://www.steinheim-institut.de/cgi-bin/epidat?id=wdf-196
wld-01.022.004-00;1837;1837;wdf-197;wdf-0197;http://www.steinheim-institut.de/cgi-bin/epidat?id=wdf-197
wld-01.022.005-00;1837;1837;wdf-198;wdf-0198;http://www.steinheim-institut.de/cgi-bin/epidat?id=wdf-198
wld-01.022.005-01;1836;1836;wdf-199;wdf-0199;http://www.steinheim-institut.de/cgi-bin/epidat?id=wdf-199
wld-01.022.005-02;1833;1832/33?;wdf-200;wdf-0200;http://www.steinheim-institut.de/cgi-bin/epidat?id=wdf-200
wld-01.022.006-00;;;wdf-201;wdf-0201;http://www.steinheim-institut.de/cgi-bin/epidat?id=wdf-201
wld-01.023.001-00;1905;1905;wdf-136;wdf-0136;http://www.steinheim-institut.de/cgi-bin/epidat?id=wdf-136
wld-01.023.002-00;1906;1906?;wdf-137;wdf-0137;http://www.steinheim-institut.de/cgi-bin/epidat?id=wdf-137
wld-01.023.003-00;1907;1907;wdf-138;wdf-0138;http://www.steinheim-institut.de/cgi-bin/epidat?id=wdf-138
wld-01.023.004-00;1907;1907;wdf-139;wdf-0139;http://www.steinheim-institut.de/cgi-bin/epidat?id=wdf-139
wld-01.024.001-00;1915;1915;wdf-102;wdf-0102;http://www.steinheim-institut.de/cgi-bin/epidat?id=wdf-102
wld-01.024.002-00;1914;1914;wdf-103;wdf-0103;http://www.steinheim-institut.de/cgi-bin/epidat?id=wdf-103
wld-01.024.003-00;1912;1912;wdf-104;wdf-0104;http://www.steinheim-institut.de/cgi-bin/epidat?id=wdf-104
wld-01.024.004-00;1909;1909;wdf-105;wdf-0105;http://www.steinheim-institut.de/cgi-bin/epidat?id=wdf-105
wld-01.025.001-00;1920;1920;wdf-076;wdf-0076;http://www.steinheim-institut.de/cgi-bin/epidat?id=wdf-076
wld-01.025.002-00;1920;1920;wdf-077;wdf-0077;http://www.steinheim-institut.de/cgi-bin/epidat?id=wdf-077
wld-01.025.003-00;1919;1919;wdf-078;wdf-0078;http://www.steinheim-institut.de/cgi-bin/epidat?id=wdf-078
wld-01.025.004-00;1919;1919;wdf-079;wdf-0079;http://www.steinheim-institut.de/cgi-bin/epidat?id=wdf-079
wld-01.026.001-00;1777;1777;wdf-479;wdf-0479;http://www.steinheim-institut.de/cgi-bin/epidat?id=wdf-479
wld-01.026.002-00;1775;1775;wdf-482;wdf-0482;http://www.steinheim-institut.de/cgi-bin/epidat?id=wdf-482
wld-02.001.046-00;;;wdf-799;wdf-0799;http://www.steinheim-institut.de/cgi-bin/epidat?id=wdf-799
wld-02.001.047-00;1758;1758;wdf-849;wdf-0849;http://www.steinheim-institut.de/cgi-bin/epidat?id=wdf-849
wld-02.002.010-00;1798;1798;wdf-835;wdf-0835;http://www.steinheim-institut.de/cgi-bin/epidat?id=wdf-835
wld-02.002.011-00;1794;1794;wdf-837;wdf-0837;http://www.steinheim-institut.de/cgi-bin/epidat?id=wdf-837
wld-02.002.012-00;1798;1798;wdf-839;wdf-0839;http://www.steinheim-institut.de/cgi-bin/epidat?id=wdf-839
wld-02.002.013-00;1798;1798;wdf-841;wdf-0841;http://www.steinheim-institut.de/cgi-bin/epidat?id=wdf-841
wld-02.002.014-00;1798;1797/98;wdf-843;wdf-0843;http://www.steinheim-institut.de/cgi-bin/epidat?id=wdf-843
wld-02.002.015-00;1798;1798;wdf-845;wdf-0845;http://www.steinheim-institut.de/cgi-bin/epidat?id=wdf-845
wld-02.002.015-01;1798;1797/98;wdf-843;siehe oben, wdf-0843;http://www.steinheim-institut.de/cgi-bin/epidat?id=wdf-843
wld-02.002.016-00;1798;1797/98;wdf-847;wdf-0847;http://www.steinheim-institut.de/cgi-bin/epidat?id=wdf-847
wld-02.002.017-00;;;wdf-916;wdf-0916;http://www.steinheim-institut.de/cgi-bin/epidat?id=wdf-916
wld-02.002.018-00;1794;1794;wdf-918;wdf-0918;http://www.steinheim-institut.de/cgi-bin/epidat?id=wdf-918
wld-02.003.005-00;;;wdf-882;wdf-0882;http://www.steinheim-institut.de/cgi-bin/epidat?id=wdf-882
wld-02.003.006-00;1815;1815;wdf-883;wdf-0883;http://www.steinheim-institut.de/cgi-bin/epidat?id=wdf-883
wld-02.003.007-00;1815;1815;wdf-884;wdf-0884;http://www.steinheim-institut.de/cgi-bin/epidat?id=wdf-884
wld-02.003.008-00;1814;1814;wdf-885;wdf-0885;http://www.steinheim-institut.de/cgi-bin/epidat?id=wdf-885
wld-02.003.009-00;1815;1815;wdf-886;wdf-0886;http://www.steinheim-institut.de/cgi-bin/epidat?id=wdf-886
wld-02.003.009-00;1816;1816;wdf-886;wdf-0886;http://www.steinheim-institut.de/cgi-bin/epidat?id=wdf-886
wld-02.003.010-00;1832;1832;wdf-888;wdf-0888;http://www.steinheim-institut.de/cgi-bin/epidat?id=wdf-888
wld-02.004.009-00;1837;1837;wdf-880;wdf-0880;http://www.steinheim-institut.de/cgi-bin/epidat?id=wdf-880
wld-02.004.010-00;;;wdf-881;wdf-0881;http://www.steinheim-institut.de/cgi-bin/epidat?id=wdf-881
wld-02.004.011-00;;;wdf-908;wdf-0908;http://www.steinheim-institut.de/cgi-bin/epidat?id=wdf-908
wld-02.004.012-00;1813;1813;wdf-906;wdf-0906;http://www.steinheim-institut.de/cgi-bin/epidat?id=wdf-906
wld-02.004.013-00;1814;1814?;wdf-904;wdf-0904;http://www.steinheim-institut.de/cgi-bin/epidat?id=wdf-904
wld-02.004.014-00;1813;1813;wdf-902;wdf-0902;http://www.steinheim-institut.de/cgi-bin/epidat?id=wdf-902
wld-02.004.015-00;1812;1812?;wdf-900;wdf-0900;http://www.steinheim-institut.de/cgi-bin/epidat?id=wdf-900
wld-02.004.016-00;1814;1814;wdf-898;wdf-0898;http://www.steinheim-institut.de/cgi-bin/epidat?id=wdf-898
wld-02.004.017-00;1814;1814;wdf-896;wdf-0896;http://www.steinheim-institut.de/cgi-bin/epidat?id=wdf-896
wld-02.004.018-00;1816;1816;wdf-894;wdf-0894;http://www.steinheim-institut.de/cgi-bin/epidat?id=wdf-894
wld-02.004.019-00;1835;1835;wdf-892;wdf-0892;http://www.steinheim-institut.de/cgi-bin/epidat?id=wdf-892
wld-02.004.020-00;1835;1835;wdf-890;wdf-0890;http://www.steinheim-institut.de/cgi-bin/epidat?id=wdf-890
wld-02.005.011-00;1844;1843/44;wdf-910;wdf-0910;http://www.steinheim-institut.de/cgi-bin/epidat?id=wdf-910
wld-02.005.012-00;1813;1813;wdf-912;wdf-0912;http://www.steinheim-institut.de/cgi-bin/epidat?id=wdf-912
wld-02.005.013-00;1818;1818;wdf-914;wdf-0914;http://www.steinheim-institut.de/cgi-bin/epidat?id=wdf-914
wld-02.007.030-00;1749;1749;wdf-728;wdf-0728;http://www.steinheim-institut.de/cgi-bin/epidat?id=wdf-728
wld-02.007.031-00;1754;1754;wdf-800;wdf-0800;http://www.steinheim-institut.de/cgi-bin/epidat?id=wdf-800
wld-02.007.032-00;;;wdf-850;wdf-0850;http://www.steinheim-institut.de/cgi-bin/epidat?id=wdf-850
wld-02.007.033-00;;;wdf-851;wdf-0851;http://www.steinheim-institut.de/cgi-bin/epidat?id=wdf-851
wld-02.008.022-00;;;wdf-685;wdf-0685;http://www.steinheim-institut.de/cgi-bin/epidat?id=wdf-685
wld-02.008.023-00;1768;1768?;wdf-729;wdf-0729;http://www.steinheim-institut.de/cgi-bin/epidat?id=wdf-729
wld-02.008.024-00;1764;1764;wdf-730;wdf-0730;http://www.steinheim-institut.de/cgi-bin/epidat?id=wdf-730
wld-02.008.025-00;1765;1765;wdf-731;wdf-0731;http://www.steinheim-institut.de/cgi-bin/epidat?id=wdf-731
wld-02.008.026-00;;;wdf-732;wdf-0732;http://www.steinheim-institut.de/cgi-bin/epidat?id=wdf-732
wld-02.008.027-00;;;wdf-801;wdf-0801;http://www.steinheim-institut.de/cgi-bin/epidat?id=wdf-801
wld-02.008.028-00;;;wdf-802;wdf-0802;http://www.steinheim-institut.de/cgi-bin/epidat?id=wdf-802
wld-02.008.029-00;;;wdf-803;wdf-0803;http://www.steinheim-institut.de/cgi-bin/epidat?id=wdf-803
wld-02.008.030-00;1781;1781;wdf-804;wdf-0804;http://www.steinheim-institut.de/cgi-bin/epidat?id=wdf-804
wld-02.008.031-00;1792;1792;wdf-805;wdf-0805;http://www.steinheim-institut.de/cgi-bin/epidat?id=wdf-805
wld-02.008.032-00;1779;1779;wdf-806;wdf-0806;http://www.steinheim-institut.de/cgi-bin/epidat?id=wdf-806
wld-02.008.033-00;;;wdf-852;wdf-0852;http://www.steinheim-institut.de/cgi-bin/epidat?id=wdf-852
wld-02.008.034-00;1789;1789;wdf-853;wdf-0853;http://www.steinheim-institut.de/cgi-bin/epidat?id=wdf-853
wld-02.008.035-00;1786;1786;wdf-854;wdf-0854;http://www.steinheim-institut.de/cgi-bin/epidat?id=wdf-854
wld-02.008.036-00;;;wdf-855;wdf-0855;http://www.steinheim-institut.de/cgi-bin/epidat?id=wdf-855
wld-02.008.037-00;1765;1765;wdf-857;wdf-0857;http://www.steinheim-institut.de/cgi-bin/epidat?id=wdf-857
wld-02.009.019-00;1677;1677;wdf-633;wdf-0633;http://www.steinheim-institut.de/cgi-bin/epidat?id=wdf-633
wld-02.009.020-00;;;wdf-634;wdf-0634;http://www.steinheim-institut.de/cgi-bin/epidat?id=wdf-634
wld-02.009.021-00;1690;1690;wdf-635;wdf-0635;http://www.steinheim-institut.de/cgi-bin/epidat?id=wdf-635
wld-02.009.022-00;1691;1691;wdf-636;wdf-0636;http://www.steinheim-institut.de/cgi-bin/epidat?id=wdf-636
wld-02.009.023-00;1701;1701;wdf-637;wdf-0637;http://www.steinheim-institut.de/cgi-bin/epidat?id=wdf-637
wld-02.009.024-00;1699;1699;wdf-638;wdf-0638;http://www.steinheim-institut.de/cgi-bin/epidat?id=wdf-638
wld-02.009.025-00;1711;1711;wdf-639;wdf-0639;http://www.steinheim-institut.de/cgi-bin/epidat?id=wdf-639
wld-02.009.026-00;;;wdf-640;wdf-0640;http://www.steinheim-institut.de/cgi-bin/epidat?id=wdf-640
wld-02.009.027-00;1693;1693;wdf-641;wdf-0641;http://www.steinheim-institut.de/cgi-bin/epidat?id=wdf-641
wld-02.009.028-00;1691;1691;wdf-642;wdf-0642;http://www.steinheim-institut.de/cgi-bin/epidat?id=wdf-642
wld-02.009.029-00;1693;1693;wdf-643;wdf-0643;http://www.steinheim-institut.de/cgi-bin/epidat?id=wdf-643
wld-02.009.030-00;1693;1693;wdf-644;wdf-0644;http://www.steinheim-institut.de/cgi-bin/epidat?id=wdf-644
wld-02.009.031-00;1727;1727;wdf-741;wdf-0741;http://www.steinheim-institut.de/cgi-bin/epidat?id=wdf-741
wld-02.009.032-00;;;wdf-814;wdf-0814;http://www.steinheim-institut.de/cgi-bin/epidat?id=wdf-814
wld-02.009.033-00;;;wdf-815;wdf-0815;http://www.steinheim-institut.de/cgi-bin/epidat?id=wdf-815
wld-02.009.034-00;;;wdf-816;wdf-0816;http://www.steinheim-institut.de/cgi-bin/epidat?id=wdf-816
wld-02.009.035-00;1714;1714;wdf-817;wdf-0817;http://www.steinheim-institut.de/cgi-bin/epidat?id=wdf-817
wld-02.009.036-00;;;wdf-818;wdf-0818;http://www.steinheim-institut.de/cgi-bin/epidat?id=wdf-818
wld-02.009.037-00;;;wdf-819;wdf-0819;http://www.steinheim-institut.de/cgi-bin/epidat?id=wdf-819
wld-02.009.038-00;;;wdf-820;wdf-0820;http://www.steinheim-institut.de/cgi-bin/epidat?id=wdf-820
wld-02.009.039-00;1744;1744;wdf-821;wdf-0821;http://www.steinheim-institut.de/cgi-bin/epidat?id=wdf-821
wld-02.009.040-00;;;wdf-822;wdf-0822;http://www.steinheim-institut.de/cgi-bin/epidat?id=wdf-822
wld-02.009.041-00;1757;1757?;wdf-823;wdf-0823;http://www.steinheim-institut.de/cgi-bin/epidat?id=wdf-823
wld-02.009.042-00;;;wdf-824;wdf-0824;http://www.steinheim-institut.de/cgi-bin/epidat?id=wdf-824
wld-02.009.043-00;1755;1755;wdf-826;wdf-0826;http://www.steinheim-institut.de/cgi-bin/epidat?id=wdf-826
wld-02.009.044-00;1759;1759;wdf-827;wdf-0827;http://www.steinheim-institut.de/cgi-bin/epidat?id=wdf-827
wld-02.009.045-00;1764;1764;wdf-828;wdf-0828;http://www.steinheim-institut.de/cgi-bin/epidat?id=wdf-828
wld-02.009.046-00;;;wdf-829;wdf-0829;http://www.steinheim-institut.de/cgi-bin/epidat?id=wdf-829
wld-02.010.014-00;1659;1659;wdf-582;wdf-0582;http://www.steinheim-institut.de/cgi-bin/epidat?id=wdf-582
wld-02.010.014-00;1659;1659;wdf-582;wdf-0582;http://www.steinheim-institut.de/cgi-bin/epidat?id=wdf-582
wld-02.010.015-00;1754;1754;wdf-583;wdf-0583;http://www.steinheim-institut.de/cgi-bin/epidat?id=wdf-583
wld-02.010.016-00;1724;1724;wdf-584;wdf-0584;http://www.steinheim-institut.de/cgi-bin/epidat?id=wdf-584
wld-02.010.017-00;1699;1699;wdf-585;wdf-0585;http://www.steinheim-institut.de/cgi-bin/epidat?id=wdf-585
wld-02.010.018-00;1698;1698;wdf-587;wdf-0587;http://www.steinheim-institut.de/cgi-bin/epidat?id=wdf-587
wld-02.010.019-00;1692;1692;wdf-590;wdf-0590;http://www.steinheim-institut.de/cgi-bin/epidat?id=wdf-590
wld-02.010.020-00;1746;1746;wdf-645;wdf-0645;http://www.steinheim-institut.de/cgi-bin/epidat?id=wdf-645
wld-02.010.021-00;1701;1701;wdf-687;wdf-0687;http://www.steinheim-institut.de/cgi-bin/epidat?id=wdf-687
wld-02.010.022-00;1704;1704;wdf-688;wdf-0688;http://www.steinheim-institut.de/cgi-bin/epidat?id=wdf-688
wld-02.010.023-00;1698;1698;wdf-742;wdf-0742;http://www.steinheim-institut.de/cgi-bin/epidat?id=wdf-742
wld-02.010.024-00;;;wdf-743;wdf-0743;http://www.steinheim-institut.de/cgi-bin/epidat?id=wdf-743
wld-02.010.025-00;;;wdf-744;wdf-0744;http://www.steinheim-institut.de/cgi-bin/epidat?id=wdf-744
wld-02.010.026-00;;;wdf-745;wdf-0745;http://www.steinheim-institut.de/cgi-bin/epidat?id=wdf-745
wld-02.010.027-00;1755;1755;wdf-746;wdf-0746;http://www.steinheim-institut.de/cgi-bin/epidat?id=wdf-746
wld-02.010.028-00;1757;1757;wdf-747;wdf-0747;http://www.steinheim-institut.de/cgi-bin/epidat?id=wdf-747
wld-02.010.029-00;1753;1753;wdf-749;wdf-0749;http://www.steinheim-institut.de/cgi-bin/epidat?id=wdf-749
wld-02.010.030-00;1754;1754;wdf-825;wdf-0825;http://www.steinheim-institut.de/cgi-bin/epidat?id=wdf-825
wld-02.010.031-00;1753;1753;wdf-751;wdf-0751;http://www.steinheim-institut.de/cgi-bin/epidat?id=wdf-751
wld-02.010.032-00;1780;1780;wdf-753;wdf-0753;http://www.steinheim-institut.de/cgi-bin/epidat?id=wdf-753
wld-02.011.027-00;1711;1711;wdf-553;wdf-0553;http://www.steinheim-institut.de/cgi-bin/epidat?id=wdf-553
wld-02.011.028-00;1710;1710;wdf-554;wdf-0554;http://www.steinheim-institut.de/cgi-bin/epidat?id=wdf-554
wld-02.011.029-00;1717;1717;wdf-586;wdf-0586;http://www.steinheim-institut.de/cgi-bin/epidat?id=wdf-586
wld-02.011.030-00;1718;1717/18;wdf-588;wdf-0588;http://www.steinheim-institut.de/cgi-bin/epidat?id=wdf-588
wld-02.011.031-00;1723;1723;wdf-589;wdf-0589;http://www.steinheim-institut.de/cgi-bin/epidat?id=wdf-589
wld-02.011.032-00;;;wdf-591;wdf-0591;http://www.steinheim-institut.de/cgi-bin/epidat?id=wdf-591
wld-02.011.033-00;1757;1757;wdf-592;wdf-0592;http://www.steinheim-institut.de/cgi-bin/epidat?id=wdf-592
wld-02.011.034-00;1741;1741;wdf-593;wdf-0593;http://www.steinheim-institut.de/cgi-bin/epidat?id=wdf-593
wld-02.011.035-00;1742;1742;wdf-594;wdf-0594;http://www.steinheim-institut.de/cgi-bin/epidat?id=wdf-594
wld-02.011.036-00;1749;1749;wdf-595;wdf-0595;http://www.steinheim-institut.de/cgi-bin/epidat?id=wdf-595
wld-02.011.037-00;;;wdf-596;wdf-0596;http://www.steinheim-institut.de/cgi-bin/epidat?id=wdf-596
wld-02.011.038-00;1739;1739;wdf-597;wdf-0597;http://www.steinheim-institut.de/cgi-bin/epidat?id=wdf-597
wld-02.011.039-00;1640;1640, um?;wdf-598;wdf-0598;http://www.steinheim-institut.de/cgi-bin/epidat?id=wdf-598
wld-02.011.040-00;1690;1690;wdf-599;wdf-0599;http://www.steinheim-institut.de/cgi-bin/epidat?id=wdf-599
wld-02.011.041-00;;;wdf-600;wdf-0600;http://www.steinheim-institut.de/cgi-bin/epidat?id=wdf-600
wld-02.011.042-00;1698;1698;wdf-601;wdf-0601;http://www.steinheim-institut.de/cgi-bin/epidat?id=wdf-601
wld-02.011.043-00;1732;1732;wdf-602;wdf-0602;http://www.steinheim-institut.de/cgi-bin/epidat?id=wdf-602
wld-02.011.043-01;1739;1739;wdf-2000;wdf-2000;http://www.steinheim-institut.de/cgi-bin/epidat?id=wdf-2000
wld-02.011.044-00;1679;1679;wdf-603;wdf-0603;http://www.steinheim-institut.de/cgi-bin/epidat?id=wdf-603
wld-02.011.045-00;1678;1678;wdf-604;wdf-0604;http://www.steinheim-institut.de/cgi-bin/epidat?id=wdf-604
wld-02.011.045-00;1678;1678;wdf-604;wdf-0604;http://www.steinheim-institut.de/cgi-bin/epidat?id=wdf-604
wld-02.011.046-00;1711;1711;wdf-605;wdf-0605;http://www.steinheim-institut.de/cgi-bin/epidat?id=wdf-605
wld-02.011.047-00;1682;1682;wdf-606;wdf-0606;http://www.steinheim-institut.de/cgi-bin/epidat?id=wdf-606
wld-02.011.048-00;1695;1695;wdf-458;wdf-0458;http://www.steinheim-institut.de/cgi-bin/epidat?id=wdf-458
wld-02.011.049-00;;;wdf-459;wdf-0459;http://www.steinheim-institut.de/cgi-bin/epidat?id=wdf-459
wld-02.011.050-00;1696;1696;wdf-460;wdf-0460;http://www.steinheim-institut.de/cgi-bin/epidat?id=wdf-460
wld-02.011.051-00;1692;1692;wdf-461;wdf-0461;http://www.steinheim-institut.de/cgi-bin/epidat?id=wdf-461
wld-02.012.019-00;1753;1753;wdf-534;wdf-0534;http://www.steinheim-institut.de/cgi-bin/epidat?id=wdf-534
wld-02.012.020-00;1746;1746;wdf-550;wdf-0550;http://www.steinheim-institut.de/cgi-bin/epidat?id=wdf-550
wld-02.012.021-00;;;wdf-551;wdf-0551;http://www.steinheim-institut.de/cgi-bin/epidat?id=wdf-551
wld-02.012.022-00;1680;1680;wdf-555;wdf-0555;http://www.steinheim-institut.de/cgi-bin/epidat?id=wdf-555
wld-02.012.023-00;1693;1693;wdf-556;wdf-0556;http://www.steinheim-institut.de/cgi-bin/epidat?id=wdf-556
wld-02.012.024-00;1706;1706;wdf-557;wdf-0557;http://www.steinheim-institut.de/cgi-bin/epidat?id=wdf-557
wld-02.012.025-00;1729;1729;wdf-558;wdf-0558;http://www.steinheim-institut.de/cgi-bin/epidat?id=wdf-558
wld-02.012.026-00;1693;1693?;wdf-559;wdf-0559;http://www.steinheim-institut.de/cgi-bin/epidat?id=wdf-559
wld-02.012.027-00;1752;1752;wdf-560;wdf-0560;http://www.steinheim-institut.de/cgi-bin/epidat?id=wdf-560
wld-02.012.028-00;1801;1801;wdf-457;wdf-0457;http://www.steinheim-institut.de/cgi-bin/epidat?id=wdf-457
wld-02.012.029-00;;;wdf-430;wdf-0430;http://www.steinheim-institut.de/cgi-bin/epidat?id=wdf-430
wld-02.013.017-00;1757;1757;wdf-535;wdf-0535;http://www.steinheim-institut.de/cgi-bin/epidat?id=wdf-535
wld-02.013.018-00;1737;1737;wdf-541;wdf-0541;http://www.steinheim-institut.de/cgi-bin/epidat?id=wdf-541
wld-02.013.019-00;1732;1732;wdf-542;wdf-0542;http://www.steinheim-institut.de/cgi-bin/epidat?id=wdf-542
wld-02.013.020-00;1732;1732;wdf-543;wdf-0543;http://www.steinheim-institut.de/cgi-bin/epidat?id=wdf-543
wld-02.013.020-01;;;wdf-544;wdf-0544;http://www.steinheim-institut.de/cgi-bin/epidat?id=wdf-544
wld-02.013.020-02;;;wdf-545;wdf-0545;http://www.steinheim-institut.de/cgi-bin/epidat?id=wdf-545
wld-02.013.021-00;1797;1797;wdf-546;wdf-0546;http://www.steinheim-institut.de/cgi-bin/epidat?id=wdf-546
wld-02.013.022-00;;;wdf-547;wdf-0547;http://www.steinheim-institut.de/cgi-bin/epidat?id=wdf-547
wld-02.013.023-00;1729;1729;wdf-548;wdf-0548;http://www.steinheim-institut.de/cgi-bin/epidat?id=wdf-548
wld-02.013.023-00;1729;1729;wdf-548;wdf-0548;http://www.steinheim-institut.de/cgi-bin/epidat?id=wdf-548
wld-02.013.024-00;1729;1729;wdf-549;wdf-0549;http://www.steinheim-institut.de/cgi-bin/epidat?id=wdf-549
wld-02.013.025-00;1690;1690;wdf-552;wdf-0552;http://www.steinheim-institut.de/cgi-bin/epidat?id=wdf-552
wld-02.014.033-00;1813;1813;wdf-448;wdf-0448;http://www.steinheim-institut.de/cgi-bin/epidat?id=wdf-448
wld-02.014.034-00;1783;1783;wdf-449;wdf-0449;http://www.steinheim-institut.de/cgi-bin/epidat?id=wdf-449
wld-02.014.035-00;;;wdf-450;wdf-0450;http://www.steinheim-institut.de/cgi-bin/epidat?id=wdf-450
wld-02.014.035-00;;;wdf-450;wdf-0450;http://www.steinheim-institut.de/cgi-bin/epidat?id=wdf-450
wld-02.014.036-00;;;wdf-451;wdf-0451;http://www.steinheim-institut.de/cgi-bin/epidat?id=wdf-451
wld-02.014.037-00;;;wdf-415;wdf-0415;http://www.steinheim-institut.de/cgi-bin/epidat?id=wdf-415
wld-02.015.029-00;;;wdf-240;wdf-0240;http://www.steinheim-institut.de/cgi-bin/epidat?id=wdf-240
wld-02.015.029-00;;;wdf-239;wdf-0239;http://www.steinheim-institut.de/cgi-bin/epidat?id=wdf-239
wld-02.015.030-00;1718;1718;wdf-241;wdf-0241;http://www.steinheim-institut.de/cgi-bin/epidat?id=wdf-241
wld-02.015.031-00;1722;1722;wdf-242;wdf-0242;http://www.steinheim-institut.de/cgi-bin/epidat?id=wdf-242
wld-02.015.031-00;1722;1722;wdf-242;wdf-0242;http://www.steinheim-institut.de/cgi-bin/epidat?id=wdf-242
wld-02.015.032-00;1715;1715;wdf-243;wdf-0243;http://www.steinheim-institut.de/cgi-bin/epidat?id=wdf-243
wld-02.015.033-00;1715;1715;wdf-244;wdf-0244;http://www.steinheim-institut.de/cgi-bin/epidat?id=wdf-244
wld-02.015.034-00;1863;1863;wdf-245;wdf-0245;http://www.steinheim-institut.de/cgi-bin/epidat?id=wdf-245
wld-02.015.035-00;1863;1863;wdf-246;wdf-0246;http://www.steinheim-institut.de/cgi-bin/epidat?id=wdf-246
wld-02.015.036-00;1863;1863;wdf-247;wdf-0247;http://www.steinheim-institut.de/cgi-bin/epidat?id=wdf-247
wld-02.015.037-00;1866;1866;wdf-248;wdf-0248;http://www.steinheim-institut.de/cgi-bin/epidat?id=wdf-248
wld-02.015.038-00;1862;1862;wdf-249;wdf-0249;http://www.steinheim-institut.de/cgi-bin/epidat?id=wdf-249
wld-02.015.039-00;1862;1862;wdf-250;wdf-0250;http://www.steinheim-institut.de/cgi-bin/epidat?id=wdf-250
wld-02.015.040-00;1861;1861;wdf-251;wdf-0251;http://www.steinheim-institut.de/cgi-bin/epidat?id=wdf-251
wld-02.015.041-00;1858;1858;wdf-252;wdf-0252;http://www.steinheim-institut.de/cgi-bin/epidat?id=wdf-252
wld-02.015.042-00;1859;1859;wdf-253;wdf-0253;http://www.steinheim-institut.de/cgi-bin/epidat?id=wdf-253
wld-02.015.043-00;1858;1858;wdf-254;wdf-0254;http://www.steinheim-institut.de/cgi-bin/epidat?id=wdf-254
wld-02.015.044-00;1857;1857;wdf-255;wdf-0255;http://www.steinheim-institut.de/cgi-bin/epidat?id=wdf-255
wld-02.015.045-00;;;wdf-256;wdf-0256;http://www.steinheim-institut.de/cgi-bin/epidat?id=wdf-256
wld-02.015.046-00;1856;1856;wdf-257;wdf-0257;http://www.steinheim-institut.de/cgi-bin/epidat?id=wdf-257
wld-02.015.047-00;1855;1855;wdf-258;wdf-0258;http://www.steinheim-institut.de/cgi-bin/epidat?id=wdf-258
wld-02.015.048-00;;;wdf-259;wdf-0259;http://www.steinheim-institut.de/cgi-bin/epidat?id=wdf-259
wld-02.015.049-00;1856;1856;wdf-260;wdf-0260;http://www.steinheim-institut.de/cgi-bin/epidat?id=wdf-260
wld-02.015.050-00;1853;1853;wdf-261;wdf-0261;http://www.steinheim-institut.de/cgi-bin/epidat?id=wdf-261
wld-02.015.051-00;1853;1853;wdf-262;wdf-0262;http://www.steinheim-institut.de/cgi-bin/epidat?id=wdf-262
wld-02.015.052-00;1853;1852/53;wdf-263;wdf-0263;http://www.steinheim-institut.de/cgi-bin/epidat?id=wdf-263
wld-02.015.053-00;1854;1854;wdf-264;wdf-0264;http://www.steinheim-institut.de/cgi-bin/epidat?id=wdf-264
wld-02.015.054-00;1852;1852;wdf-265;wdf-0265;http://www.steinheim-institut.de/cgi-bin/epidat?id=wdf-265
wld-02.016.007-00;;;wdf-363;wdf-0363;http://www.steinheim-institut.de/cgi-bin/epidat?id=wdf-363
wld-02.016.008-00;1679;1679;wdf-364;wdf-0364;http://www.steinheim-institut.de/cgi-bin/epidat?id=wdf-364
wld-02.016.009-00;1772;1772;wdf-365;wdf-0365;http://www.steinheim-institut.de/cgi-bin/epidat?id=wdf-365
wld-02.016.010-00;1663;1663?;wdf-366;wdf-0366;http://www.steinheim-institut.de/cgi-bin/epidat?id=wdf-366
wld-02.016.011-00;1686;1686;wdf-367;wdf-0367;http://www.steinheim-institut.de/cgi-bin/epidat?id=wdf-367
wld-02.016.012-00;1691;1691;wdf-368;wdf-0368;http://www.steinheim-institut.de/cgi-bin/epidat?id=wdf-368
wld-02.016.013-00;1698;1698;wdf-369;wdf-0369;http://www.steinheim-institut.de/cgi-bin/epidat?id=wdf-369
wld-02.016.014-00;1728;1728;wdf-370;wdf-0370;http://www.steinheim-institut.de/cgi-bin/epidat?id=wdf-370
wld-02.016.015-00;1686;1686;wdf-371;wdf-0371;http://www.steinheim-institut.de/cgi-bin/epidat?id=wdf-371
wld-02.016.016-00;1726;1726;wdf-372;wdf-0372;http://www.steinheim-institut.de/cgi-bin/epidat?id=wdf-372
wld-02.016.017-00;1691;1691;wdf-373;wdf-0373;http://www.steinheim-institut.de/cgi-bin/epidat?id=wdf-373
wld-02.016.018-00;1667;1667;wdf-374;wdf-0374;http://www.steinheim-institut.de/cgi-bin/epidat?id=wdf-374
wld-02.017.008-00;1717;1717;wdf-359;wdf-0359;http://www.steinheim-institut.de/cgi-bin/epidat?id=wdf-359
wld-02.017.009-00;1707;1707?;wdf-360;wdf-0360;http://www.steinheim-institut.de/cgi-bin/epidat?id=wdf-360
wld-02.017.010-00;;;wdf-361;wdf-0361;http://www.steinheim-institut.de/cgi-bin/epidat?id=wdf-361
wld-02.017.011-00;;;wdf-362;wdf-0362;http://www.steinheim-institut.de/cgi-bin/epidat?id=wdf-362
wld-02.018.008-00;1747;1747;wdf-358;wdf-0358;http://www.steinheim-institut.de/cgi-bin/epidat?id=wdf-358
wld-02.018.009-00;1749;1749;wdf-287;wdf-0287;http://www.steinheim-institut.de/cgi-bin/epidat?id=wdf-287
wld-02.018.010-00;;;wdf-238;wdf-0238;http://www.steinheim-institut.de/cgi-bin/epidat?id=wdf-238
wld-02.018.011-00;1748;1748;wdf-288;wdf-0288;http://www.steinheim-institut.de/cgi-bin/epidat?id=wdf-288
wld-02.018.012-00;1741;1741;wdf-289;wdf-0289;http://www.steinheim-institut.de/cgi-bin/epidat?id=wdf-289
wld-02.018.013-00;1753;1753;wdf-290;wdf-0290;http://www.steinheim-institut.de/cgi-bin/epidat?id=wdf-290
wld-02.018.014-00;1739;1739;wdf-291;wdf-0291;http://www.steinheim-institut.de/cgi-bin/epidat?id=wdf-291
wld-02.018.015-00;1724;1724;wdf-292;wdf-0292;http://www.steinheim-institut.de/cgi-bin/epidat?id=wdf-292
wld-02.018.016-00;1701;1701;wdf-293;wdf-0293;http://www.steinheim-institut.de/cgi-bin/epidat?id=wdf-293
wld-02.018.017-00;1700;1700;wdf-294;wdf-0294;http://www.steinheim-institut.de/cgi-bin/epidat?id=wdf-294
wld-02.018.018-00;;;wdf-295;wdf-0295;http://www.steinheim-institut.de/cgi-bin/epidat?id=wdf-295
wld-02.018.019-00;;;wdf-296;wdf-0296;http://www.steinheim-institut.de/cgi-bin/epidat?id=wdf-296
wld-02.018.020-00;1704;1704;wdf-297;wdf-0297;http://www.steinheim-institut.de/cgi-bin/epidat?id=wdf-297
wld-02.018.021-00;1697;1697;wdf-298;wdf-0298;http://www.steinheim-institut.de/cgi-bin/epidat?id=wdf-298
wld-02.018.022-00;1694;1694;wdf-299;wdf-0299;http://www.steinheim-institut.de/cgi-bin/epidat?id=wdf-299
wld-02.018.023-00;1721;1721;wdf-300;wdf-0300;http://www.steinheim-institut.de/cgi-bin/epidat?id=wdf-300
wld-02.018.024-00;;;wdf-301;wdf-0301;http://www.steinheim-institut.de/cgi-bin/epidat?id=wdf-301
wld-02.018.025-00;;;wdf-302;wdf-0302;http://www.steinheim-institut.de/cgi-bin/epidat?id=wdf-302
wld-02.018.026-00;1695;1695;wdf-303;wdf-0303;http://www.steinheim-institut.de/cgi-bin/epidat?id=wdf-303
wld-02.018.027-00;1703;1703;wdf-304;wdf-0304;http://www.steinheim-institut.de/cgi-bin/epidat?id=wdf-304
wld-02.018.028-00;1708;1708;wdf-305;wdf-0305;http://www.steinheim-institut.de/cgi-bin/epidat?id=wdf-305
wld-02.018.028-00;1709;1709;wdf-305;wdf-0305;http://www.steinheim-institut.de/cgi-bin/epidat?id=wdf-305
wld-02.018.029-00;1710;1710;wdf-306;wdf-0306;http://www.steinheim-institut.de/cgi-bin/epidat?id=wdf-306
wld-02.018.030-00;1728;1728;wdf-307;wdf-0307;http://www.steinheim-institut.de/cgi-bin/epidat?id=wdf-307
wld-02.020.031-00;1883;1883;wdf-154;wdf-0154;http://www.steinheim-institut.de/cgi-bin/epidat?id=wdf-154
wld-02.020.032-00;1877;1877?;wdf-155;wdf-0155;http://www.steinheim-institut.de/cgi-bin/epidat?id=wdf-155
wld-02.020.032-01;;;wdf-156;wdf-0156;http://www.steinheim-institut.de/cgi-bin/epidat?id=wdf-156
wld-02.020.033-00;;;wdf-157;wdf-0157;http://www.steinheim-institut.de/cgi-bin/epidat?id=wdf-157
wld-02.020.034-00;1875;1875;wdf-158;wdf-0158;http://www.steinheim-institut.de/cgi-bin/epidat?id=wdf-158
wld-02.020.035-00;1874;1874;wdf-160;wdf-0160;http://www.steinheim-institut.de/cgi-bin/epidat?id=wdf-160
wld-02.020.036-00;1873;1873;wdf-162;wdf-0162;http://www.steinheim-institut.de/cgi-bin/epidat?id=wdf-162
wld-02.020.037-00;1872;1872;wdf-164;wdf-0164;http://www.steinheim-institut.de/cgi-bin/epidat?id=wdf-164
wld-02.020.038-00;1871;1871;wdf-166;wdf-0166;http://www.steinheim-institut.de/cgi-bin/epidat?id=wdf-166
wld-02.020.039-00;1870;1870;wdf-168;wdf-0168;http://www.steinheim-institut.de/cgi-bin/epidat?id=wdf-168
wld-02.020.040-00;1869;1869;wdf-170;wdf-0170;http://www.steinheim-institut.de/cgi-bin/epidat?id=wdf-170
wld-02.020.041-00;1868;1868;wdf-171;wdf-0171;http://www.steinheim-institut.de/cgi-bin/epidat?id=wdf-171
wld-02.020.042-00;1867;1867;wdf-172;wdf-0172;http://www.steinheim-institut.de/cgi-bin/epidat?id=wdf-172
wld-02.020.043-00;;;wdf-173;wdf-0173;http://www.steinheim-institut.de/cgi-bin/epidat?id=wdf-173
wld-02.020.044-00;1862;1862;wdf-174;wdf-0174;http://www.steinheim-institut.de/cgi-bin/epidat?id=wdf-174
wld-02.020.045-00;1867;1867;wdf-175;wdf-0175;http://www.steinheim-institut.de/cgi-bin/epidat?id=wdf-175
wld-02.020.046-00;1866;1866;wdf-176;wdf-0176;http://www.steinheim-institut.de/cgi-bin/epidat?id=wdf-176
wld-02.020.047-00;;;wdf-177;wdf-0177;http://www.steinheim-institut.de/cgi-bin/epidat?id=wdf-177
wld-02.020.048-00;1866;1866;wdf-178;wdf-0178;http://www.steinheim-institut.de/cgi-bin/epidat?id=wdf-178
wld-02.020.049-00;;;wdf-179;wdf-0179;http://www.steinheim-institut.de/cgi-bin/epidat?id=wdf-179
wld-02.020.050-00;1862;1862;wdf-180;wdf-0180;http://www.steinheim-institut.de/cgi-bin/epidat?id=wdf-180
wld-02.020.051-00;;;wdf-181;wdf-0181;http://www.steinheim-institut.de/cgi-bin/epidat?id=wdf-181
wld-02.020.052-00;1860;1860;wdf-182;wdf-0182;http://www.steinheim-institut.de/cgi-bin/epidat?id=wdf-182
wld-02.020.053-00;1858;1857/58;wdf-183;wdf-0183;http://www.steinheim-institut.de/cgi-bin/epidat?id=wdf-183
wld-02.020.054-00;;;wdf-184;wdf-0184;http://www.steinheim-institut.de/cgi-bin/epidat?id=wdf-184
wld-02.020.055-00;1857;1857;wdf-185;wdf-0185;http://www.steinheim-institut.de/cgi-bin/epidat?id=wdf-185
wld-02.020.056-00;;;wdf-186;wdf-0186;http://www.steinheim-institut.de/cgi-bin/epidat?id=wdf-186
wld-02.020.057-00;;;wdf-187;wdf-0187;http://www.steinheim-institut.de/cgi-bin/epidat?id=wdf-187
wld-02.020.058-00;1855;1855;wdf-188;wdf-0188;http://www.steinheim-institut.de/cgi-bin/epidat?id=wdf-188
wld-02.020.059-00;1854;1854;wdf-189;wdf-0189;http://www.steinheim-institut.de/cgi-bin/epidat?id=wdf-189
wld-02.020.060-00;1854;1854;wdf-190;wdf-0190;http://www.steinheim-institut.de/cgi-bin/epidat?id=wdf-190
wld-02.020.061-00;;;wdf-191;wdf-0191;http://www.steinheim-institut.de/cgi-bin/epidat?id=wdf-191
wld-02.020.062-00;1854;1854;wdf-192;wdf-0192;http://www.steinheim-institut.de/cgi-bin/epidat?id=wdf-192
wld-02.020.063-00;1854;1854;wdf-193;wdf-0193;http://www.steinheim-institut.de/cgi-bin/epidat?id=wdf-193
wld-02.023.005-00;1877;1877;wdf-140;wdf-0140;http://www.steinheim-institut.de/cgi-bin/epidat?id=wdf-140
wld-02.023.006-00;1876;1876;wdf-141;wdf-0141;http://www.steinheim-institut.de/cgi-bin/epidat?id=wdf-141
wld-02.023.007-00;1875;1875;wdf-142;wdf-0142;http://www.steinheim-institut.de/cgi-bin/epidat?id=wdf-142
wld-02.023.008-00;1875;1875;wdf-143;wdf-0143;http://www.steinheim-institut.de/cgi-bin/epidat?id=wdf-143
wld-02.023.008-01;;;wdf-144;wdf-0144;http://www.steinheim-institut.de/cgi-bin/epidat?id=wdf-144
wld-02.023.008-02;;;wdf-145;wdf-0145;http://www.steinheim-institut.de/cgi-bin/epidat?id=wdf-145
wld-02.023.008-03;;;wdf-146;wdf-0146;http://www.steinheim-institut.de/cgi-bin/epidat?id=wdf-146
wld-02.023.009-00;1873;1873;wdf-147;wdf-0147;http://www.steinheim-institut.de/cgi-bin/epidat?id=wdf-147
wld-02.023.010-00;1872;1872;wdf-148;wdf-0148;http://www.steinheim-institut.de/cgi-bin/epidat?id=wdf-148
wld-02.023.011-00;1872;1872;wdf-149;wdf-0149;http://www.steinheim-institut.de/cgi-bin/epidat?id=wdf-149
wld-02.023.012-00;1870;1870;wdf-150;wdf-0150;http://www.steinheim-institut.de/cgi-bin/epidat?id=wdf-150
wld-02.023.013-00;1869;1869;wdf-151;wdf-0151;http://www.steinheim-institut.de/cgi-bin/epidat?id=wdf-151
wld-02.023.014-00;1869;1869;wdf-152;wdf-0152;http://www.steinheim-institut.de/cgi-bin/epidat?id=wdf-152
wld-02.023.015-00;1869;1869;wdf-153;wdf-0153;http://www.steinheim-institut.de/cgi-bin/epidat?id=wdf-153
wld-02.024.005-00;1878;1878;wdf-106;wdf-0106;http://www.steinheim-institut.de/cgi-bin/epidat?id=wdf-106
wld-02.024.006-00;1878;1878;wdf-107;wdf-0107;http://www.steinheim-institut.de/cgi-bin/epidat?id=wdf-107
wld-02.024.006-00;1878;1878;wdf-107;wdf-0107;http://www.steinheim-institut.de/cgi-bin/epidat?id=wdf-107
wld-02.024.007-00;1877;1877;wdf-108;wdf-0108;http://www.steinheim-institut.de/cgi-bin/epidat?id=wdf-108
wld-02.024.008-00;1877;1877;wdf-109;wdf-0109;http://www.steinheim-institut.de/cgi-bin/epidat?id=wdf-109
wld-02.024.009-00;1876;1876;wdf-110;wdf-0110;http://www.steinheim-institut.de/cgi-bin/epidat?id=wdf-110
wld-02.024.010-00;1875;1875;wdf-111;wdf-0111;http://www.steinheim-institut.de/cgi-bin/epidat?id=wdf-111
wld-02.024.011-00;1874;1874;wdf-112;wdf-0112;http://www.steinheim-institut.de/cgi-bin/epidat?id=wdf-112
wld-02.024.012-00;1873;1873;wdf-113;wdf-0113;http://www.steinheim-institut.de/cgi-bin/epidat?id=wdf-113
wld-02.024.013-00;1869;1869;wdf-114;wdf-0114;http://www.steinheim-institut.de/cgi-bin/epidat?id=wdf-114
wld-02.024.014-00;;;wdf-115;wdf-0115;http://www.steinheim-institut.de/cgi-bin/epidat?id=wdf-115
wld-02.024.015-00;1863;1863;wdf-116;wdf-0116;http://www.steinheim-institut.de/cgi-bin/epidat?id=wdf-116
wld-02.024.016-00;1863;1863;wdf-117;wdf-0117;http://www.steinheim-institut.de/cgi-bin/epidat?id=wdf-117
wld-02.024.017-00;1863;1863;wdf-118;wdf-0118;http://www.steinheim-institut.de/cgi-bin/epidat?id=wdf-118
wld-02.024.018-00;1862;1862;wdf-119;wdf-0119;http://www.steinheim-institut.de/cgi-bin/epidat?id=wdf-119
wld-02.024.019-00;1862;1862;wdf-120;wdf-0120;http://www.steinheim-institut.de/cgi-bin/epidat?id=wdf-120
wld-02.024.020-00;;;wdf-121;wdf-0121;http://www.steinheim-institut.de/cgi-bin/epidat?id=wdf-121
wld-02.024.021-00;;;wdf-122;wdf-0122;http://www.steinheim-institut.de/cgi-bin/epidat?id=wdf-122
wld-02.024.022-00;;;wdf-123;wdf-0123;http://www.steinheim-institut.de/cgi-bin/epidat?id=wdf-123
wld-02.024.023-00;1861;1861;wdf-124;wdf-0124;http://www.steinheim-institut.de/cgi-bin/epidat?id=wdf-124
wld-02.024.024-00;1861;1861;wdf-125;wdf-0125;http://www.steinheim-institut.de/cgi-bin/epidat?id=wdf-125
wld-02.024.025-00;1859;1859;wdf-126;wdf-0126;http://www.steinheim-institut.de/cgi-bin/epidat?id=wdf-126
wld-02.024.026-00;1859;1859;wdf-127;wdf-0127;http://www.steinheim-institut.de/cgi-bin/epidat?id=wdf-127
wld-02.024.027-00;1859;1859;wdf-128;wdf-0128;http://www.steinheim-institut.de/cgi-bin/epidat?id=wdf-128
wld-02.024.028-00;;;wdf-129;wdf-0129;http://www.steinheim-institut.de/cgi-bin/epidat?id=wdf-129
wld-02.024.029-00;;;wdf-130;wdf-0130;http://www.steinheim-institut.de/cgi-bin/epidat?id=wdf-130
wld-02.024.030-00;1857;1857;wdf-131;wdf-0131;http://www.steinheim-institut.de/cgi-bin/epidat?id=wdf-131
wld-02.024.031-00;;;wdf-132;wdf-0132;http://www.steinheim-institut.de/cgi-bin/epidat?id=wdf-132
wld-02.024.032-00;1854;1854?;wdf-133;wdf-0133;http://www.steinheim-institut.de/cgi-bin/epidat?id=wdf-133
wld-02.024.033-00;1854;1854;wdf-134;wdf-0134;http://www.steinheim-institut.de/cgi-bin/epidat?id=wdf-134
wld-02.024.034-00;;;wdf-135;wdf-0135;http://www.steinheim-institut.de/cgi-bin/epidat?id=wdf-135
wld-02.025.005-00;;;wdf-080;wdf-0080;http://www.steinheim-institut.de/cgi-bin/epidat?id=wdf-080
wld-02.025.006-00;1881;1881;wdf-081;wdf-0081;http://www.steinheim-institut.de/cgi-bin/epidat?id=wdf-081
wld-02.025.007-00;1879;1879;wdf-082;wdf-0082;http://www.steinheim-institut.de/cgi-bin/epidat?id=wdf-082
wld-02.025.008-00;1879;1879;wdf-083;wdf-0083;http://www.steinheim-institut.de/cgi-bin/epidat?id=wdf-083
wld-02.025.009-00;1880;1880;wdf-084;wdf-0084;http://www.steinheim-institut.de/cgi-bin/epidat?id=wdf-084
wld-02.025.010-00;1877;1877;wdf-085;wdf-0085;http://www.steinheim-institut.de/cgi-bin/epidat?id=wdf-085
wld-02.025.011-00;1875;1875;wdf-086;wdf-0086;http://www.steinheim-institut.de/cgi-bin/epidat?id=wdf-086
wld-02.025.012-00;1875;1875;wdf-087;wdf-0087;http://www.steinheim-institut.de/cgi-bin/epidat?id=wdf-087
wld-02.025.013-00;1875;1875;wdf-088;wdf-0088;http://www.steinheim-institut.de/cgi-bin/epidat?id=wdf-088
wld-02.025.014-00;;;wdf-089;wdf-0089;http://www.steinheim-institut.de/cgi-bin/epidat?id=wdf-089
wld-02.025.015-00;1869;1869;wdf-090;wdf-0090;http://www.steinheim-institut.de/cgi-bin/epidat?id=wdf-090
wld-02.025.016-00;;;wdf-091;wdf-0091;http://www.steinheim-institut.de/cgi-bin/epidat?id=wdf-091
wld-02.025.017-00;1863;1863?;wdf-092;wdf-0092;http://www.steinheim-institut.de/cgi-bin/epidat?id=wdf-092
wld-02.025.018-00;1865;1865;wdf-093;wdf-0093;http://www.steinheim-institut.de/cgi-bin/epidat?id=wdf-093
wld-02.025.019-00;1863;1863;wdf-094;wdf-0094;http://www.steinheim-institut.de/cgi-bin/epidat?id=wdf-094
wld-02.025.020-00;1865;1865;wdf-095;wdf-0095;http://www.steinheim-institut.de/cgi-bin/epidat?id=wdf-095
wld-02.025.021-00;1865;1865;wdf-096;wdf-0096;http://www.steinheim-institut.de/cgi-bin/epidat?id=wdf-096
wld-02.025.022-00;;;wdf-097;wdf-0097;http://www.steinheim-institut.de/cgi-bin/epidat?id=wdf-097
wld-02.025.023-00;1864;1864;wdf-098;wdf-0098;http://www.steinheim-institut.de/cgi-bin/epidat?id=wdf-098
wld-02.025.024-00;1863;1863;wdf-099;wdf-0099;http://www.steinheim-institut.de/cgi-bin/epidat?id=wdf-099
wld-02.025.025-00;1863;1863;wdf-100;wdf-0100;http://www.steinheim-institut.de/cgi-bin/epidat?id=wdf-100
wld-02.025.026-00;1860;1860;wdf-101;wdf-0101;http://www.steinheim-institut.de/cgi-bin/epidat?id=wdf-101
wld-02.026.003-00;1758;1758;wdf-536;wdf-0536;http://www.steinheim-institut.de/cgi-bin/epidat?id=wdf-536
wld-02.026.004-00;1762;1762;wdf-537;wdf-0537;http://www.steinheim-institut.de/cgi-bin/epidat?id=wdf-537
wld-02.026.005-00;1767;1767;wdf-538;wdf-0538;http://www.steinheim-institut.de/cgi-bin/epidat?id=wdf-538
wld-02.026.006-00;;;wdf-539;wdf-0539;http://www.steinheim-institut.de/cgi-bin/epidat?id=wdf-539
wld-02.026.007-00;;;wdf-540;wdf-0540;http://www.steinheim-institut.de/cgi-bin/epidat?id=wdf-540
wld-02.026.008-00;1738;1738;wdf-490;wdf-0490;http://www.steinheim-institut.de/cgi-bin/epidat?id=wdf-490
wld-02.026.009-00;1734;1734?;wdf-491;wdf-0491;http://www.steinheim-institut.de/cgi-bin/epidat?id=wdf-491
wld-02.026.010-00;1732;1732;wdf-492;wdf-0492;http://www.steinheim-institut.de/cgi-bin/epidat?id=wdf-492
wld-02.026.011-00;;;wdf-493;wdf-0493;http://www.steinheim-institut.de/cgi-bin/epidat?id=wdf-493
wld-02.026.012-00;1675;1675;wdf-494;wdf-0494;http://www.steinheim-institut.de/cgi-bin/epidat?id=wdf-494
wld-02.026.012-00;1686;1686;wdf-494;wdf-0494;http://www.steinheim-institut.de/cgi-bin/epidat?id=wdf-494
wld-02.026.013-00;1729;1729;wdf-495;wdf-0495;http://www.steinheim-institut.de/cgi-bin/epidat?id=wdf-495
wld-02.026.014-00;;;wdf-503;wdf-0503;http://www.steinheim-institut.de/cgi-bin/epidat?id=wdf-503
wld-02.027.001-00;1750;1750;wdf-686;wdf-0686;http://www.steinheim-institut.de/cgi-bin/epidat?id=wdf-686
wld-02.027.002-00;1769;1769;wdf-733;wdf-0733;http://www.steinheim-institut.de/cgi-bin/epidat?id=wdf-733
wld-02.027.003-00;1779;1779;wdf-734;wdf-0734;http://www.steinheim-institut.de/cgi-bin/epidat?id=wdf-734
wld-02.027.004-00;1781;1781;wdf-735;wdf-0735;http://www.steinheim-institut.de/cgi-bin/epidat?id=wdf-735
wld-02.027.005-00;;;wdf-736;wdf-0736;http://www.steinheim-institut.de/cgi-bin/epidat?id=wdf-736
wld-02.027.006-00;1753;1753;wdf-737;wdf-0737;http://www.steinheim-institut.de/cgi-bin/epidat?id=wdf-737
wld-02.027.007-00;1765;1765;wdf-738;wdf-0738;http://www.steinheim-institut.de/cgi-bin/epidat?id=wdf-738
wld-02.027.008-00;1766;1766;wdf-739;wdf-0739;http://www.steinheim-institut.de/cgi-bin/epidat?id=wdf-739
wld-02.027.009-00;;;wdf-740;wdf-0740;http://www.steinheim-institut.de/cgi-bin/epidat?id=wdf-740
wld-02.027.010-00;1790;1790;wdf-807;wdf-0807;http://www.steinheim-institut.de/cgi-bin/epidat?id=wdf-807
wld-02.027.011-00;;;wdf-808;wdf-0808;http://www.steinheim-institut.de/cgi-bin/epidat?id=wdf-808
wld-02.027.012-00;1779;1779;wdf-809;wdf-0809;http://www.steinheim-institut.de/cgi-bin/epidat?id=wdf-809
wld-02.027.013-00;;;wdf-810;wdf-0810;http://www.steinheim-institut.de/cgi-bin/epidat?id=wdf-810
wld-02.027.014-00;1775;1775;wdf-811;wdf-0811;http://www.steinheim-institut.de/cgi-bin/epidat?id=wdf-811
wld-02.027.015-00;1775;1775;wdf-812;wdf-0812;http://www.steinheim-institut.de/cgi-bin/epidat?id=wdf-812
wld-02.027.016-00;1757;1757;wdf-813;wdf-0813;http://www.steinheim-institut.de/cgi-bin/epidat?id=wdf-813
wld-02.027.017-00;1764;1764;wdf-856;wdf-0856;http://www.steinheim-institut.de/cgi-bin/epidat?id=wdf-856
wld-02.027.018-00;1768;1768;wdf-858;wdf-0858;http://www.steinheim-institut.de/cgi-bin/epidat?id=wdf-858
wld-02.027.019-00;1793;1793;wdf-859;wdf-0859;http://www.steinheim-institut.de/cgi-bin/epidat?id=wdf-859
wld-02.028.001-00;1745;1745;wdf-646;wdf-0646;http://www.steinheim-institut.de/cgi-bin/epidat?id=wdf-646
wld-02.028.002-00;1740;1740;wdf-689;wdf-0689;http://www.steinheim-institut.de/cgi-bin/epidat?id=wdf-689
wld-02.028.003-00;1711;1711;wdf-690;wdf-0690;http://www.steinheim-institut.de/cgi-bin/epidat?id=wdf-690
wld-02.028.004-00;1713;1713;wdf-691;wdf-0691;http://www.steinheim-institut.de/cgi-bin/epidat?id=wdf-691
wld-02.028.005-00;1712;1712;wdf-692;wdf-0692;http://www.steinheim-institut.de/cgi-bin/epidat?id=wdf-692
wld-02.028.006-00;1718;1718;wdf-693;wdf-0693;http://www.steinheim-institut.de/cgi-bin/epidat?id=wdf-693
wld-02.028.007-00;1829;1829;wdf-694;wdf-0694;http://www.steinheim-institut.de/cgi-bin/epidat?id=wdf-694
wld-02.028.008-00;1828;1828;wdf-695;wdf-0695;http://www.steinheim-institut.de/cgi-bin/epidat?id=wdf-695
wld-02.028.009-00;;;wdf-696;wdf-0696;http://www.steinheim-institut.de/cgi-bin/epidat?id=wdf-696
wld-02.028.010-00;1827;1827;wdf-697;wdf-0697;http://www.steinheim-institut.de/cgi-bin/epidat?id=wdf-697
wld-02.028.011-00;1751;1751;wdf-698;wdf-0698;http://www.steinheim-institut.de/cgi-bin/epidat?id=wdf-698
wld-02.029.001-00;1711;1711?;wdf-647;wdf-0647;http://www.steinheim-institut.de/cgi-bin/epidat?id=wdf-647
wld-02.029.002-00;;;wdf-648;wdf-0648;http://www.steinheim-institut.de/cgi-bin/epidat?id=wdf-648
wld-02.029.003-00;;;wdf-649;wdf-0649;http://www.steinheim-institut.de/cgi-bin/epidat?id=wdf-649
wld-02.029.004-00;1712;1712;wdf-650;wdf-0650;http://www.steinheim-institut.de/cgi-bin/epidat?id=wdf-650
wld-02.029.005-00;1720;1720;wdf-651;wdf-0651;http://www.steinheim-institut.de/cgi-bin/epidat?id=wdf-651
wld-02.029.006-00;;;wdf-652;wdf-0652;http://www.steinheim-institut.de/cgi-bin/epidat?id=wdf-652
wld-02.029.006-00;;;wdf-652;wdf-0652;http://www.steinheim-institut.de/cgi-bin/epidat?id=wdf-652
wld-02.029.007-00;1775;1775;wdf-653;wdf-0653;http://www.steinheim-institut.de/cgi-bin/epidat?id=wdf-653
wld-02.029.008-00;1828;1828;wdf-654;wdf-0654;http://www.steinheim-institut.de/cgi-bin/epidat?id=wdf-654
wld-02.029.009-00;1845;1845;wdf-655;wdf-0655;http://www.steinheim-institut.de/cgi-bin/epidat?id=wdf-655
wld-02.029.010-00;;;wdf-656;wdf-0656;http://www.steinheim-institut.de/cgi-bin/epidat?id=wdf-656
wld-02.030.001-00;;;wdf-483;wdf-0483;http://www.steinheim-institut.de/cgi-bin/epidat?id=wdf-483
wld-02.030.002-00;;;wdf-484;wdf-0484;http://www.steinheim-institut.de/cgi-bin/epidat?id=wdf-484
wld-02.030.003-00;;;wdf-485;wdf-0485;http://www.steinheim-institut.de/cgi-bin/epidat?id=wdf-485
wld-02.030.004-00;;;wdf-486;wdf-0486;http://www.steinheim-institut.de/cgi-bin/epidat?id=wdf-486
wld-02.030.005-00;1766;1766;wdf-487;wdf-0487;http://www.steinheim-institut.de/cgi-bin/epidat?id=wdf-487
wld-02.030.006-00;1769;1769;wdf-488;wdf-0488;http://www.steinheim-institut.de/cgi-bin/epidat?id=wdf-488
wld-02.030.007-00;;;wdf-489;wdf-0489;http://www.steinheim-institut.de/cgi-bin/epidat?id=wdf-489
wld-02.030.008-00;;;wdf-452;wdf-0452;http://www.steinheim-institut.de/cgi-bin/epidat?id=wdf-452
wld-02.030.009-00;;;wdf-453;wdf-0453;http://www.steinheim-institut.de/cgi-bin/epidat?id=wdf-453
wld-02.030.010-00;1738;1738;wdf-454;wdf-0454;http://www.steinheim-institut.de/cgi-bin/epidat?id=wdf-454
wld-02.030.011-00;1738;1738;wdf-455;wdf-0455;http://www.steinheim-institut.de/cgi-bin/epidat?id=wdf-455
wld-02.030.012-00;1788;1788;wdf-496;wdf-0496;http://www.steinheim-institut.de/cgi-bin/epidat?id=wdf-496
wld-02.030.013-00;1802;1802;wdf-497;wdf-0497;http://www.steinheim-institut.de/cgi-bin/epidat?id=wdf-497
wld-02.030.014-00;;;wdf-498;wdf-0498;http://www.steinheim-institut.de/cgi-bin/epidat?id=wdf-498
wld-02.030.015-00;1694;1694;wdf-499;wdf-0499;http://www.steinheim-institut.de/cgi-bin/epidat?id=wdf-499
wld-02.030.016-00;;;wdf-500;wdf-0500;http://www.steinheim-institut.de/cgi-bin/epidat?id=wdf-500
wld-02.030.017-00;1717;1717;wdf-501;wdf-0501;http://www.steinheim-institut.de/cgi-bin/epidat?id=wdf-501
wld-02.030.018-00;;;wdf-502;wdf-0502;http://www.steinheim-institut.de/cgi-bin/epidat?id=wdf-502
wld-02.030.019-00;;;wdf-456;wdf-0456;http://www.steinheim-institut.de/cgi-bin/epidat?id=wdf-456
wld-02.030.020-00;;;wdf-429;wdf-0429;http://www.steinheim-institut.de/cgi-bin/epidat?id=wdf-429
wld-02.031.001-00;;;wdf-412;wdf-0412;http://www.steinheim-institut.de/cgi-bin/epidat?id=wdf-412
wld-02.031.002-00;;;wdf-413;wdf-0413;http://www.steinheim-institut.de/cgi-bin/epidat?id=wdf-413
wld-02.031.003-00;1806;1805/6;wdf-414;wdf-0414;http://www.steinheim-institut.de/cgi-bin/epidat?id=wdf-414
wld-02.031.004-00;1745;1745;wdf-416;wdf-0416;http://www.steinheim-institut.de/cgi-bin/epidat?id=wdf-416
wld-02.031.004-00;1745;1745;wdf-416;wdf-0416;http://www.steinheim-institut.de/cgi-bin/epidat?id=wdf-416
wld-02.031.005-00;1682;1681/82;wdf-417;wdf-0417;http://www.steinheim-institut.de/cgi-bin/epidat?id=wdf-417
wld-02.031.006-00;1814;1814;wdf-418;wdf-0418;http://www.steinheim-institut.de/cgi-bin/epidat?id=wdf-418
wld-02.031.007-00;1685;1685;wdf-419;wdf-0419;http://www.steinheim-institut.de/cgi-bin/epidat?id=wdf-419
wld-02.031.008-00;1742;1742;wdf-420;wdf-0420;http://www.steinheim-institut.de/cgi-bin/epidat?id=wdf-420
wld-02.031.009-00;1752;1752;wdf-421;wdf-0421;http://www.steinheim-institut.de/cgi-bin/epidat?id=wdf-421
wld-02.031.010-00;;;wdf-422;wdf-0422;http://www.steinheim-institut.de/cgi-bin/epidat?id=wdf-422
wld-02.031.011-00;1719;1719;wdf-423;wdf-0423;http://www.steinheim-institut.de/cgi-bin/epidat?id=wdf-423
wld-02.031.012-00;1732;1732;wdf-424;wdf-0424;http://www.steinheim-institut.de/cgi-bin/epidat?id=wdf-424
wld-02.031.013-00;1732;1732;wdf-425;wdf-0425;http://www.steinheim-institut.de/cgi-bin/epidat?id=wdf-425
wld-02.031.014-00;1739;1739;wdf-426;wdf-0426;http://www.steinheim-institut.de/cgi-bin/epidat?id=wdf-426
wld-02.031.015-00;;;wdf-427;wdf-0427;http://www.steinheim-institut.de/cgi-bin/epidat?id=wdf-427
wld-02.031.016-00;;;wdf-428;wdf-0428;http://www.steinheim-institut.de/cgi-bin/epidat?id=wdf-428
wld-02.031.017-00;1795;1795;wdf-308;wdf-0308;http://www.steinheim-institut.de/cgi-bin/epidat?id=wdf-308
wld-02.031.018-00;1787;1787;wdf-309;wdf-0309;http://www.steinheim-institut.de/cgi-bin/epidat?id=wdf-309
wld-02.031.019-00;1791;1791?;wdf-310;wdf-0310;http://www.steinheim-institut.de/cgi-bin/epidat?id=wdf-310
wld-02.031.020-00;;;wdf-311;wdf-0311;http://www.steinheim-institut.de/cgi-bin/epidat?id=wdf-311
wld-02.031.021-00;1809;1809;wdf-312;wdf-0312;http://www.steinheim-institut.de/cgi-bin/epidat?id=wdf-312
wld-02.032.001-00;1882;1882;wdf-056;wdf-0056;http://www.steinheim-institut.de/cgi-bin/epidat?id=wdf-056
wld-02.032.002-00;1882;1882;wdf-057;wdf-0057;http://www.steinheim-institut.de/cgi-bin/epidat?id=wdf-057
wld-02.032.003-00;1882;1882;wdf-058;wdf-0058;http://www.steinheim-institut.de/cgi-bin/epidat?id=wdf-058
wld-02.032.004-00;1881;1881;wdf-059;wdf-0059;http://www.steinheim-institut.de/cgi-bin/epidat?id=wdf-059
wld-02.032.005-00;1881;1881;wdf-060;wdf-0060;http://www.steinheim-institut.de/cgi-bin/epidat?id=wdf-060
wld-02.032.006-00;1880;1880;wdf-061;wdf-0061;http://www.steinheim-institut.de/cgi-bin/epidat?id=wdf-061
wld-02.032.007-00;1878;1878;wdf-062;wdf-0062;http://www.steinheim-institut.de/cgi-bin/epidat?id=wdf-062
wld-02.032.008-00;1880;1880;wdf-063;wdf-0063;http://www.steinheim-institut.de/cgi-bin/epidat?id=wdf-063
wld-02.032.009-00;1880;1880;wdf-064;wdf-0064;http://www.steinheim-institut.de/cgi-bin/epidat?id=wdf-064
wld-02.032.010-00;1880;1880;wdf-065;wdf-0065;http://www.steinheim-institut.de/cgi-bin/epidat?id=wdf-065
wld-02.032.011-00;1880;1880;wdf-066;wdf-0066;http://www.steinheim-institut.de/cgi-bin/epidat?id=wdf-066
wld-02.032.012-00;;;wdf-067;wdf-0067;http://www.steinheim-institut.de/cgi-bin/epidat?id=wdf-067
wld-02.032.013-00;1880;1880;wdf-068;wdf-0068;http://www.steinheim-institut.de/cgi-bin/epidat?id=wdf-068
wld-02.032.014-00;;;wdf-069;wdf-0069;http://www.steinheim-institut.de/cgi-bin/epidat?id=wdf-069
wld-02.032.015-00;1870;1870;wdf-070;wdf-0070;http://www.steinheim-institut.de/cgi-bin/epidat?id=wdf-070
wld-02.032.016-00;1865;1865;wdf-071;wdf-0071;http://www.steinheim-institut.de/cgi-bin/epidat?id=wdf-071
wld-02.032.017-00;1865;1865;wdf-072;wdf-0072;http://www.steinheim-institut.de/cgi-bin/epidat?id=wdf-072
wld-02.032.018-00;1865;1865;wdf-073;wdf-0073;http://www.steinheim-institut.de/cgi-bin/epidat?id=wdf-073
wld-02.032.019-00;;;wdf-074;wdf-0074;http://www.steinheim-institut.de/cgi-bin/epidat?id=wdf-074
wld-02.032.020-00;1858;1858;wdf-075;wdf-0075;http://www.steinheim-institut.de/cgi-bin/epidat?id=wdf-075
wld-02.032.020-00;1858;1858;wdf-075;wdf-0075;http://www.steinheim-institut.de/cgi-bin/epidat?id=wdf-075
wld-02.033.001-00;;;wdf-044;wdf-0044;http://www.steinheim-institut.de/cgi-bin/epidat?id=wdf-044
wld-02.033.002-00;1884;1884?;wdf-045;wdf-0045;http://www.steinheim-institut.de/cgi-bin/epidat?id=wdf-045
wld-02.033.003-00;;;wdf-046;wdf-0046;http://www.steinheim-institut.de/cgi-bin/epidat?id=wdf-046
wld-02.033.004-00;1885;1885;wdf-047;wdf-0047;http://www.steinheim-institut.de/cgi-bin/epidat?id=wdf-047
wld-02.033.005-00;1885;1885;wdf-049;wdf-0049;http://www.steinheim-institut.de/cgi-bin/epidat?id=wdf-049
wld-02.033.005-00;1885;1885;wdf-048;wdf-0048;http://www.steinheim-institut.de/cgi-bin/epidat?id=wdf-048
wld-02.033.007-00;1884;1884;wdf-050;wdf-0050;http://www.steinheim-institut.de/cgi-bin/epidat?id=wdf-050
wld-02.033.008-00;;;wdf-051;wdf-0051;http://www.steinheim-institut.de/cgi-bin/epidat?id=wdf-051
wld-02.033.009-00;1883;1883;wdf-052;wdf-0052;http://www.steinheim-institut.de/cgi-bin/epidat?id=wdf-052
wld-02.033.009-00;1883;1883;wdf-052;wdf-0052;http://www.steinheim-institut.de/cgi-bin/epidat?id=wdf-052
wld-02.033.010-00;1882;1882;wdf-053;wdf-0053;http://www.steinheim-institut.de/cgi-bin/epidat?id=wdf-053
wld-02.033.011-00;1882;1882;wdf-054;wdf-0054;http://www.steinheim-institut.de/cgi-bin/epidat?id=wdf-054
wld-02.033.012-00;1880;1880;wdf-055;wdf-0055;http://www.steinheim-institut.de/cgi-bin/epidat?id=wdf-055
wld-02.033.013-00;1866;1866;wdf-042;wdf-0042;http://www.steinheim-institut.de/cgi-bin/epidat?id=wdf-042
wld-02.033.014-00;;;wdf-043;wdf-0043;http://www.steinheim-institut.de/cgi-bin/epidat?id=wdf-043
wld-02.034.001-00;1904;1904;wdf-025;wdf-0025;http://www.steinheim-institut.de/cgi-bin/epidat?id=wdf-025
wld-02.034.002-00;1904;1904;wdf-026;wdf-0026;http://www.steinheim-institut.de/cgi-bin/epidat?id=wdf-026
wld-02.034.003-00;1907;1907;wdf-027;wdf-0027;http://www.steinheim-institut.de/cgi-bin/epidat?id=wdf-027
wld-02.034.004-00;1903;1903;wdf-028;wdf-0028;http://www.steinheim-institut.de/cgi-bin/epidat?id=wdf-028
wld-02.034.005-00;1903;1903;wdf-029;wdf-0029;http://www.steinheim-institut.de/cgi-bin/epidat?id=wdf-029
wld-02.034.006-00;1902;1902;wdf-030;wdf-0030;http://www.steinheim-institut.de/cgi-bin/epidat?id=wdf-030
wld-02.034.007-00;1900;1900;wdf-031;wdf-0031;http://www.steinheim-institut.de/cgi-bin/epidat?id=wdf-031
wld-02.034.008-00;1889;1889;wdf-032;wdf-0032;http://www.steinheim-institut.de/cgi-bin/epidat?id=wdf-032
wld-02.034.009-00;1889;1889;wdf-033;wdf-0033;http://www.steinheim-institut.de/cgi-bin/epidat?id=wdf-033
wld-02.034.010-00;1889;1889;wdf-034;wdf-0034;http://www.steinheim-institut.de/cgi-bin/epidat?id=wdf-034
wld-02.034.011-00;1889;1889;wdf-035;wdf-0035;http://www.steinheim-institut.de/cgi-bin/epidat?id=wdf-035
wld-02.034.012-00;1878;1878;wdf-036;wdf-0036;http://www.steinheim-institut.de/cgi-bin/epidat?id=wdf-036
wld-02.034.013-00;;;wdf-037;wdf-0037;http://www.steinheim-institut.de/cgi-bin/epidat?id=wdf-037
wld-02.034.014-00;1887;1887;wdf-038;wdf-0038;http://www.steinheim-institut.de/cgi-bin/epidat?id=wdf-038
wld-02.034.015-00;1887;1887;wdf-039;wdf-0039;http://www.steinheim-institut.de/cgi-bin/epidat?id=wdf-039
wld-02.034.016-00;1887;1887;wdf-040;wdf-0040;http://www.steinheim-institut.de/cgi-bin/epidat?id=wdf-040
wld-02.034.017-00;1889;1889?;wdf-041;wdf-0041;http://www.steinheim-institut.de/cgi-bin/epidat?id=wdf-041
wld-02.035.001-00;1889;1889;wdf-016;wdf-0016;http://www.steinheim-institut.de/cgi-bin/epidat?id=wdf-016
wld-02.035.002-00;1890;1890;wdf-017;wdf-0017;http://www.steinheim-institut.de/cgi-bin/epidat?id=wdf-017
wld-02.035.003-00;1890;1890;wdf-019;wdf-0019;http://www.steinheim-institut.de/cgi-bin/epidat?id=wdf-019
wld-02.035.004-00;1891;1891;wdf-020;wdf-0020;http://www.steinheim-institut.de/cgi-bin/epidat?id=wdf-020
wld-02.035.005-00;1891;1891;wdf-021;wdf-0021;http://www.steinheim-institut.de/cgi-bin/epidat?id=wdf-021
wld-02.035.006-00;1891;1891;wdf-022;wdf-0022;http://www.steinheim-institut.de/cgi-bin/epidat?id=wdf-022
wld-02.035.007-00;1893;1893;wdf-023;wdf-0023;http://www.steinheim-institut.de/cgi-bin/epidat?id=wdf-023
wld-02.035.008-00;1889;1889;wdf-024;wdf-0024;http://www.steinheim-institut.de/cgi-bin/epidat?id=wdf-024
wld-02.036.001-00;1902;1902;wdf-011;wdf-0011;http://www.steinheim-institut.de/cgi-bin/epidat?id=wdf-011
wld-02.036.002-00;1901;1901;wdf-012;wdf-0012;http://www.steinheim-institut.de/cgi-bin/epidat?id=wdf-012
wld-02.036.003-00;1901;1901;wdf-013;wdf-0013;http://www.steinheim-institut.de/cgi-bin/epidat?id=wdf-013
wld-02.036.003-00;1901;1901;wdf-013;wdf-0013;http://www.steinheim-institut.de/cgi-bin/epidat?id=wdf-013
wld-02.036.004-00;1900;1900;wdf-014;wdf-0014;http://www.steinheim-institut.de/cgi-bin/epidat?id=wdf-014
wld-02.036.005-00;1898;1898;wdf-015;wdf-0015;http://www.steinheim-institut.de/cgi-bin/epidat?id=wdf-015
wld-02.036.006-00;1890;1890;wdf-018;wdf-0018;http://www.steinheim-institut.de/cgi-bin/epidat?id=wdf-018
wld-02.037.001-00;1898;1898;wdf-001;wdf-0001;http://www.steinheim-institut.de/cgi-bin/epidat?id=wdf-001
wld-02.037.002-00;1897;1897;wdf-002;wdf-0002;http://www.steinheim-institut.de/cgi-bin/epidat?id=wdf-002
wld-02.037.003-00;1897;1897;wdf-003;wdf-0003;http://www.steinheim-institut.de/cgi-bin/epidat?id=wdf-003
wld-02.037.004-00;1895;1895;wdf-004;wdf-0004;http://www.steinheim-institut.de/cgi-bin/epidat?id=wdf-004
wld-02.037.005-00;1895;1895;wdf-005;wdf-0005;http://www.steinheim-institut.de/cgi-bin/epidat?id=wdf-005
wld-02.037.006-00;1893;1893;wdf-006;wdf-0006;http://www.steinheim-institut.de/cgi-bin/epidat?id=wdf-006
wld-02.037.007-00;1894;1894;wdf-007;wdf-0007;http://www.steinheim-institut.de/cgi-bin/epidat?id=wdf-007
wld-02.037.008-00;1895;1895;wdf-008;wdf-0008;http://www.steinheim-institut.de/cgi-bin/epidat?id=wdf-008
wld-02.037.009-00;1893;1893;wdf-009;wdf-0009;http://www.steinheim-institut.de/cgi-bin/epidat?id=wdf-009
wld-02.037.010-00;1893;1893;wdf-010;wdf-0010;http://www.steinheim-institut.de/cgi-bin/epidat?id=wdf-010
wld-03.001.048-00;;;wdf-922;wdf-0922;http://www.steinheim-institut.de/cgi-bin/epidat?id=wdf-922
wld-03.001.049-00;1775;1775;wdf-923;wdf-0923;http://www.steinheim-institut.de/cgi-bin/epidat?id=wdf-923
wld-03.001.050-00;1790;1790;wdf-956;wdf-0956;http://www.steinheim-institut.de/cgi-bin/epidat?id=wdf-956
wld-03.001.051-00;1788;1788;wdf-957;wdf-0957;http://www.steinheim-institut.de/cgi-bin/epidat?id=wdf-957
wld-03.001.052-00;1785;1785;wdf-958;wdf-0958;http://www.steinheim-institut.de/cgi-bin/epidat?id=wdf-958
wld-03.001.053-00;1785;1785;wdf-960;wdf-0960;http://www.steinheim-institut.de/cgi-bin/epidat?id=wdf-960
wld-03.001.054-00;1787;1787;wdf-961;wdf-0961;http://www.steinheim-institut.de/cgi-bin/epidat?id=wdf-961
wld-03.001.055-00;1793;1793;wdf-959;wdf-0959;http://www.steinheim-institut.de/cgi-bin/epidat?id=wdf-959
wld-03.001.056-00;1780;1780;wdf-986;wdf-0986;http://www.steinheim-institut.de/cgi-bin/epidat?id=wdf-986
wld-03.001.057-00;;;wdf-987;wdf-0987;http://www.steinheim-institut.de/cgi-bin/epidat?id=wdf-987
wld-03.001.058-00;1789;1789;wdf-1008;wdf-1008;http://www.steinheim-institut.de/cgi-bin/epidat?id=wdf-1008
wld-03.001.059-00;1791;1791;wdf-1009;wdf-1009;http://www.steinheim-institut.de/cgi-bin/epidat?id=wdf-1009
wld-03.001.060-00;1839;1839;wdf-1010;wdf-1010;http://www.steinheim-institut.de/cgi-bin/epidat?id=wdf-1010
wld-03.001.061-00;;;wdf-1011;wdf-1011;http://www.steinheim-institut.de/cgi-bin/epidat?id=wdf-1011
wld-03.001.062-00;1840;1840;wdf-1012;wdf-1012;http://www.steinheim-institut.de/cgi-bin/epidat?id=wdf-1012
wld-03.001.063-00;1840;1840;wdf-1013;wdf-1013;http://www.steinheim-institut.de/cgi-bin/epidat?id=wdf-1013
wld-03.001.064-00;1841;1841;wdf-1014;wdf-1014;http://www.steinheim-institut.de/cgi-bin/epidat?id=wdf-1014
wld-03.002.019-00;1779;1779;wdf-951;wdf-0951;http://www.steinheim-institut.de/cgi-bin/epidat?id=wdf-951
wld-03.002.020-00;1778;1778;wdf-952;wdf-0952;http://www.steinheim-institut.de/cgi-bin/epidat?id=wdf-952
wld-03.002.021-00;1778;1778;wdf-953;wdf-0953;http://www.steinheim-institut.de/cgi-bin/epidat?id=wdf-953
wld-03.002.022-00;1780;1780;wdf-954;wdf-0954;http://www.steinheim-institut.de/cgi-bin/epidat?id=wdf-954
wld-03.002.023-00;1780;1780;wdf-955;wdf-0955;http://www.steinheim-institut.de/cgi-bin/epidat?id=wdf-955
wld-03.002.024-00;1795;1795;wdf-985;wdf-0985;http://www.steinheim-institut.de/cgi-bin/epidat?id=wdf-985
wld-03.002.025-00;;;wdf-1001;wdf-1001;http://www.steinheim-institut.de/cgi-bin/epidat?id=wdf-1001
wld-03.002.026-00;1793;1793;wdf-1002;wdf-1002;http://www.steinheim-institut.de/cgi-bin/epidat?id=wdf-1002
wld-03.002.027-00;1799;1799;wdf-1003;wdf-1003;http://www.steinheim-institut.de/cgi-bin/epidat?id=wdf-1003
wld-03.002.028-00;1817;1817;wdf-1004;wdf-1004;http://www.steinheim-institut.de/cgi-bin/epidat?id=wdf-1004
wld-03.002.029-00;1791;1791;wdf-1005;wdf-1005;http://www.steinheim-institut.de/cgi-bin/epidat?id=wdf-1005
wld-03.002.030-00;1789;1789;wdf-1006;wdf-1006;http://www.steinheim-institut.de/cgi-bin/epidat?id=wdf-1006
wld-03.002.031-00;1786;1786;wdf-1007;wdf-1007;http://www.steinheim-institut.de/cgi-bin/epidat?id=wdf-1007
wld-03.002.032-00;1793;1793;wdf-1031;wdf-1031;http://www.steinheim-institut.de/cgi-bin/epidat?id=wdf-1031
wld-03.002.033-00;;;wdf-1032;wdf-1032;http://www.steinheim-institut.de/cgi-bin/epidat?id=wdf-1032
wld-03.002.034-00;1838;1838;wdf-1033;wdf-1033;http://www.steinheim-institut.de/cgi-bin/epidat?id=wdf-1033
wld-03.002.035-00;1842;1842;wdf-1034;wdf-1034;http://www.steinheim-institut.de/cgi-bin/epidat?id=wdf-1034
wld-03.002.036-00;1842;1842;wdf-1035;wdf-1035;http://www.steinheim-institut.de/cgi-bin/epidat?id=wdf-1035
wld-03.002.037-00;1842;1842;wdf-1036;wdf-1036;http://www.steinheim-institut.de/cgi-bin/epidat?id=wdf-1036
wld-03.002.038-00;;;wdf-1037;wdf-1037;http://www.steinheim-institut.de/cgi-bin/epidat?id=wdf-1037
wld-03.002.039-00;1841;1841;wdf-1015;wdf-1015;http://www.steinheim-institut.de/cgi-bin/epidat?id=wdf-1015
wld-03.002.040-00;1841;1841;wdf-1016;wdf-1016;http://www.steinheim-institut.de/cgi-bin/epidat?id=wdf-1016
wld-03.002.041-00;1847;1847;wdf-1017;wdf-1017;http://www.steinheim-institut.de/cgi-bin/epidat?id=wdf-1017
wld-03.002.042-00;1848;1848;wdf-1018;wdf-1018;http://www.steinheim-institut.de/cgi-bin/epidat?id=wdf-1018
wld-03.002.043-00;1849;1849;wdf-1019;wdf-1019;http://www.steinheim-institut.de/cgi-bin/epidat?id=wdf-1019
wld-03.002.044-00;1850;1850;wdf-1020;wdf-1020;http://www.steinheim-institut.de/cgi-bin/epidat?id=wdf-1020
wld-03.003.011-00;1831;1831;wdf-990;wdf-0990;http://www.steinheim-institut.de/cgi-bin/epidat?id=wdf-990
wld-03.003.012-00;1778;1778;wdf-991;wdf-0991;http://www.steinheim-institut.de/cgi-bin/epidat?id=wdf-991
wld-03.003.013-00;;;wdf-994;wdf-0994;http://www.steinheim-institut.de/cgi-bin/epidat?id=wdf-994
wld-03.003.014-00;1779;1779;wdf-998;wdf-0998;http://www.steinheim-institut.de/cgi-bin/epidat?id=wdf-998
wld-03.003.015-00;1780;1780;wdf-1000;wdf-1000;http://www.steinheim-institut.de/cgi-bin/epidat?id=wdf-1000
wld-03.003.016-00;1785;1785;wdf-1027;wdf-1027;http://www.steinheim-institut.de/cgi-bin/epidat?id=wdf-1027
wld-03.003.017-00;1785;1785;wdf-1028;wdf-1028;http://www.steinheim-institut.de/cgi-bin/epidat?id=wdf-1028
wld-03.003.017-00;1785;1785;wdf-1028;wdf-1028;http://www.steinheim-institut.de/cgi-bin/epidat?id=wdf-1028
wld-03.003.018-00;1786;1786;wdf-1029;wdf-1029;http://www.steinheim-institut.de/cgi-bin/epidat?id=wdf-1029
wld-03.003.019-00;1786;1786;wdf-1030;wdf-1030;http://www.steinheim-institut.de/cgi-bin/epidat?id=wdf-1030
wld-03.003.020-00;1793;1793;wdf-1050;wdf-1050;http://www.steinheim-institut.de/cgi-bin/epidat?id=wdf-1050
wld-03.003.021-00;1795;1795;wdf-1051;wdf-1051;http://www.steinheim-institut.de/cgi-bin/epidat?id=wdf-1051
wld-03.003.022-00;1839;1839;wdf-1052;wdf-1052;http://www.steinheim-institut.de/cgi-bin/epidat?id=wdf-1052
wld-03.003.023-00;1841;1841;wdf-1053;wdf-1053;http://www.steinheim-institut.de/cgi-bin/epidat?id=wdf-1053
wld-03.003.024-00;1842;1842;wdf-1038;wdf-1038;http://www.steinheim-institut.de/cgi-bin/epidat?id=wdf-1038
wld-03.003.025-00;1847;1847;wdf-1039;wdf-1039;http://www.steinheim-institut.de/cgi-bin/epidat?id=wdf-1039
wld-03.003.026-00;;;wdf-1040;wdf-1040;http://www.steinheim-institut.de/cgi-bin/epidat?id=wdf-1040
wld-03.003.027-00;1841;1841;wdf-1041;wdf-1041;http://www.steinheim-institut.de/cgi-bin/epidat?id=wdf-1041
wld-03.003.028-00;1851;1851;wdf-1021;wdf-1021;http://www.steinheim-institut.de/cgi-bin/epidat?id=wdf-1021
wld-03.003.029-00;1851;1851;wdf-1022;wdf-1022;http://www.steinheim-institut.de/cgi-bin/epidat?id=wdf-1022
wld-03.003.030-00;1851;1851;wdf-1023;wdf-1023;http://www.steinheim-institut.de/cgi-bin/epidat?id=wdf-1023
wld-03.003.031-00;1849;1849;wdf-1024;wdf-1024;http://www.steinheim-institut.de/cgi-bin/epidat?id=wdf-1024
wld-03.003.032-00;1851;1851;wdf-1025;wdf-1025;http://www.steinheim-institut.de/cgi-bin/epidat?id=wdf-1025
wld-03.004.021-00;1765;1765;wdf-996;wdf-0996;http://www.steinheim-institut.de/cgi-bin/epidat?id=wdf-996
wld-03.004.022-00;1769;1769;wdf-1026;wdf-1026;http://www.steinheim-institut.de/cgi-bin/epidat?id=wdf-1026
wld-03.004.023-00;1785;1785;wdf-1042;wdf-1042;http://www.steinheim-institut.de/cgi-bin/epidat?id=wdf-1042
wld-03.004.024-00;1786;1786;wdf-1043;wdf-1043;http://www.steinheim-institut.de/cgi-bin/epidat?id=wdf-1043
wld-03.004.024-01;;;wdf-1044;wdf-1044;http://www.steinheim-institut.de/cgi-bin/epidat?id=wdf-1044
wld-03.004.025-00;1787;1787;wdf-1045;wdf-1045;http://www.steinheim-institut.de/cgi-bin/epidat?id=wdf-1045
wld-03.004.026-00;1787;1787;wdf-1046;wdf-1046;http://www.steinheim-institut.de/cgi-bin/epidat?id=wdf-1046
wld-03.004.027-00;1794;1794;wdf-1047;wdf-1047;http://www.steinheim-institut.de/cgi-bin/epidat?id=wdf-1047
wld-03.004.028-00;1796;1796;wdf-1048;wdf-1048;http://www.steinheim-institut.de/cgi-bin/epidat?id=wdf-1048
wld-03.004.029-00;;;wdf-1049;wdf-1049;http://www.steinheim-institut.de/cgi-bin/epidat?id=wdf-1049
wld-03.004.030-00;1889;1888/89;wdf-1054;wdf-1054;http://www.steinheim-institut.de/cgi-bin/epidat?id=wdf-1054
wld-03.004.031-00;1841;1841;wdf-1055;wdf-1055;http://www.steinheim-institut.de/cgi-bin/epidat?id=wdf-1055
wld-03.004.032-00;;;wdf-1056;wdf-1056;http://www.steinheim-institut.de/cgi-bin/epidat?id=wdf-1056
wld-03.004.033-00;1842;1842;wdf-1057;wdf-1057;http://www.steinheim-institut.de/cgi-bin/epidat?id=wdf-1057
wld-03.004.034-00;;;wdf-1058;wdf-1058;http://www.steinheim-institut.de/cgi-bin/epidat?id=wdf-1058
wld-03.004.035-00;1844;1844;wdf-1059;wdf-1059;http://www.steinheim-institut.de/cgi-bin/epidat?id=wdf-1059
wld-03.004.036-00;1845;1845;wdf-1060;wdf-1060;http://www.steinheim-institut.de/cgi-bin/epidat?id=wdf-1060
wld-03.004.037-00;1848;1848;wdf-1061;wdf-1061;http://www.steinheim-institut.de/cgi-bin/epidat?id=wdf-1061
wld-03.004.038-00;1847;1847;wdf-1062;wdf-1062;http://www.steinheim-institut.de/cgi-bin/epidat?id=wdf-1062
wld-03.004.039-00;1848;1848;wdf-1063;wdf-1063;http://www.steinheim-institut.de/cgi-bin/epidat?id=wdf-1063
wld-03.004.040-00;1848;1848;wdf-1064;wdf-1064;http://www.steinheim-institut.de/cgi-bin/epidat?id=wdf-1064
wld-03.004.041-00;;;wdf-1065;wdf-1065;http://www.steinheim-institut.de/cgi-bin/epidat?id=wdf-1065
wld-03.004.042-00;1849;1849;wdf-1066;wdf-1066;http://www.steinheim-institut.de/cgi-bin/epidat?id=wdf-1066
wld-03.004.043-00;1849;1849;wdf-1067;wdf-1067;http://www.steinheim-institut.de/cgi-bin/epidat?id=wdf-1067
wld-03.004.044-00;1850;1850;wdf-1068;wdf-1068;http://www.steinheim-institut.de/cgi-bin/epidat?id=wdf-1068
wld-03.004.045-00;1850;1850;wdf-1069;wdf-1069;http://www.steinheim-institut.de/cgi-bin/epidat?id=wdf-1069
wld-03.004.046-00;1850;1850;wdf-1070;wdf-1070;http://www.steinheim-institut.de/cgi-bin/epidat?id=wdf-1070
wld-03.004.047-00;1850;1850;wdf-1071;wdf-1071;http://www.steinheim-institut.de/cgi-bin/epidat?id=wdf-1071
wld-03.004.047-01;1850;1850;;;http://www.steinheim-institut.de/cgi-bin/epidat?id=
wld-03.004.048-00;;;wdf-1072;wdf-1072;http://www.steinheim-institut.de/cgi-bin/epidat?id=wdf-1072
wld-03.004.049-00;1850;1850;wdf-1073;wdf-1073;http://www.steinheim-institut.de/cgi-bin/epidat?id=wdf-1073
wld-03.005.014-00;1776;1776;wdf-1074;wdf-1074;http://www.steinheim-institut.de/cgi-bin/epidat?id=wdf-1074
wld-03.005.015-00;1777;1777;wdf-159;wdf-0159;http://www.steinheim-institut.de/cgi-bin/epidat?id=wdf-159
wld-03.005.016-00;1785;1785;wdf-161;wdf-0161;http://www.steinheim-institut.de/cgi-bin/epidat?id=wdf-161
wld-03.005.017-00;1789;1789;wdf-163;wdf-0163;http://www.steinheim-institut.de/cgi-bin/epidat?id=wdf-163
wld-03.005.018-00;1785;1785;wdf-165;wdf-0165;http://www.steinheim-institut.de/cgi-bin/epidat?id=wdf-165
wld-03.005.019-00;;;wdf-167;wdf-0167;http://www.steinheim-institut.de/cgi-bin/epidat?id=wdf-167
wld-03.005.020-00;;;wdf-169;wdf-0169;http://www.steinheim-institut.de/cgi-bin/epidat?id=wdf-169
wld-03.005.021-00;1788;1788;wdf-1075;wdf-1075;http://www.steinheim-institut.de/cgi-bin/epidat?id=wdf-1075
wld-03.005.022-00;;;wdf-1076;wdf-1076;http://www.steinheim-institut.de/cgi-bin/epidat?id=wdf-1076
wld-03.005.023-00;1796;1796;wdf-1077;wdf-1077;http://www.steinheim-institut.de/cgi-bin/epidat?id=wdf-1077
wld-03.005.024-00;1838;1838;wdf-1078;wdf-1078;http://www.steinheim-institut.de/cgi-bin/epidat?id=wdf-1078
wld-03.005.025-00;1846;1846;wdf-1079;wdf-1079;http://www.steinheim-institut.de/cgi-bin/epidat?id=wdf-1079
wld-03.005.026-00;1843;1843;wdf-1080;wdf-1080;http://www.steinheim-institut.de/cgi-bin/epidat?id=wdf-1080
wld-03.005.027-00;1842;1842;wdf-1081;wdf-1081;http://www.steinheim-institut.de/cgi-bin/epidat?id=wdf-1081
wld-03.005.028-00;1844;1844;wdf-1082;wdf-1082;http://www.steinheim-institut.de/cgi-bin/epidat?id=wdf-1082
wld-03.005.029-00;1845;1845;wdf-1083;wdf-1083;http://www.steinheim-institut.de/cgi-bin/epidat?id=wdf-1083
wld-03.005.030-00;1845;1845;wdf-1084;wdf-1084;http://www.steinheim-institut.de/cgi-bin/epidat?id=wdf-1084
wld-03.005.031-00;;;wdf-1085;wdf-1085;http://www.steinheim-institut.de/cgi-bin/epidat?id=wdf-1085
wld-03.005.032-00;1846;1846;wdf-1086;wdf-1086;http://www.steinheim-institut.de/cgi-bin/epidat?id=wdf-1086
wld-03.005.033-00;1848;1848;wdf-1087;wdf-1087;http://www.steinheim-institut.de/cgi-bin/epidat?id=wdf-1087
wld-03.005.034-00;1847;1847;wdf-1088;wdf-1088;http://www.steinheim-institut.de/cgi-bin/epidat?id=wdf-1088
wld-03.005.035-00;1847;1847;wdf-1089;wdf-1089;http://www.steinheim-institut.de/cgi-bin/epidat?id=wdf-1089
wld-03.005.036-00;;;wdf-1090;wdf-1090;http://www.steinheim-institut.de/cgi-bin/epidat?id=wdf-1090
wld-03.005.037-00;1848;1848;wdf-1091;wdf-1091;http://www.steinheim-institut.de/cgi-bin/epidat?id=wdf-1091
wld-03.005.038-00;1848;1848;wdf-1092;wdf-1092;http://www.steinheim-institut.de/cgi-bin/epidat?id=wdf-1092
wld-03.005.039-00;1848;1848;wdf-1093;wdf-1093;http://www.steinheim-institut.de/cgi-bin/epidat?id=wdf-1093
wld-03.005.040-00;1849;1849;wdf-1094;wdf-1094;http://www.steinheim-institut.de/cgi-bin/epidat?id=wdf-1094
wld-03.005.040-01;;;wdf-1095;wdf-1095;http://www.steinheim-institut.de/cgi-bin/epidat?id=wdf-1095
wld-03.005.041-00;1849;1849;wdf-1096;wdf-1096;http://www.steinheim-institut.de/cgi-bin/epidat?id=wdf-1096
wld-03.005.042-00;;;wdf-1097;wdf-1097;http://www.steinheim-institut.de/cgi-bin/epidat?id=wdf-1097
wld-03.005.043-00;1850;1850;wdf-1098;wdf-1098;http://www.steinheim-institut.de/cgi-bin/epidat?id=wdf-1098
wld-03.005.044-00;1850;1850;wdf-1099;wdf-1099;http://www.steinheim-institut.de/cgi-bin/epidat?id=wdf-1099
wld-03.005.045-00;1850;1850;wdf-1100;wdf-1100;http://www.steinheim-institut.de/cgi-bin/epidat?id=wdf-1100
wld-03.005.046-00;1850;1850;wdf-1101;wdf-1101;http://www.steinheim-institut.de/cgi-bin/epidat?id=wdf-1101
wld-03.005.047-00;1850;1850;wdf-1102;wdf-1102;http://www.steinheim-institut.de/cgi-bin/epidat?id=wdf-1102
wld-03.005.048-00;;;wdf-1103;wdf-1103;http://www.steinheim-institut.de/cgi-bin/epidat?id=wdf-1103
wld-03.005.049-00;;;wdf-1104;wdf-1104;http://www.steinheim-institut.de/cgi-bin/epidat?id=wdf-1104
wld-03.005.050-00;;;wdf-1105;wdf-1105;http://www.steinheim-institut.de/cgi-bin/epidat?id=wdf-1105
wld-03.008.038-00;1771;1771;wdf-924;wdf-0924;http://www.steinheim-institut.de/cgi-bin/epidat?id=wdf-924
wld-03.008.039-00;1776;1776;wdf-925;wdf-0925;http://www.steinheim-institut.de/cgi-bin/epidat?id=wdf-925
wld-03.008.040-00;1775;1775;wdf-926;wdf-0926;http://www.steinheim-institut.de/cgi-bin/epidat?id=wdf-926
wld-03.008.041-00;;;wdf-927;wdf-0927;http://www.steinheim-institut.de/cgi-bin/epidat?id=wdf-927
wld-03.008.042-00;;;wdf-928;wdf-0928;http://www.steinheim-institut.de/cgi-bin/epidat?id=wdf-928
wld-03.008.043-00;1779;1779;wdf-962;wdf-0962;http://www.steinheim-institut.de/cgi-bin/epidat?id=wdf-962
wld-03.008.044-00;1779;1779;wdf-963;wdf-0963;http://www.steinheim-institut.de/cgi-bin/epidat?id=wdf-963
wld-03.008.045-00;;;wdf-964;wdf-0964;http://www.steinheim-institut.de/cgi-bin/epidat?id=wdf-964
wld-03.008.046-00;1776;1776;wdf-965;wdf-0965;http://www.steinheim-institut.de/cgi-bin/epidat?id=wdf-965
wld-03.008.047-00;1772;1772;wdf-966;wdf-0966;http://www.steinheim-institut.de/cgi-bin/epidat?id=wdf-966
wld-03.008.048-00;1781;1781;wdf-967;wdf-0967;http://www.steinheim-institut.de/cgi-bin/epidat?id=wdf-967
wld-03.008.049-00;1773;1773;wdf-968;wdf-0968;http://www.steinheim-institut.de/cgi-bin/epidat?id=wdf-968
wld-03.008.050-00;1773;1773;wdf-969;wdf-0969;http://www.steinheim-institut.de/cgi-bin/epidat?id=wdf-969
wld-03.008.051-00;1773;1773;wdf-970;wdf-0970;http://www.steinheim-institut.de/cgi-bin/epidat?id=wdf-970
wld-03.008.052-00;1776;1776;wdf-971;wdf-0971;http://www.steinheim-institut.de/cgi-bin/epidat?id=wdf-971
wld-03.008.053-00;;;wdf-972;wdf-0972;http://www.steinheim-institut.de/cgi-bin/epidat?id=wdf-972
wld-03.008.054-00;1786;1786;wdf-988;wdf-0988;http://www.steinheim-institut.de/cgi-bin/epidat?id=wdf-988
wld-03.008.055-00;;;wdf-989;wdf-0989;http://www.steinheim-institut.de/cgi-bin/epidat?id=wdf-989
wld-03.009.047-00;;;wdf-861;wdf-0861;http://www.steinheim-institut.de/cgi-bin/epidat?id=wdf-861
wld-03.009.049-00;1767;1767;wdf-862;wdf-0862;http://www.steinheim-institut.de/cgi-bin/epidat?id=wdf-862
wld-03.009.049-00;1769;1769;wdf-863;wdf-0863;http://www.steinheim-institut.de/cgi-bin/epidat?id=wdf-863
wld-03.009.050-00;1762;1762;wdf-864;wdf-0864;http://www.steinheim-institut.de/cgi-bin/epidat?id=wdf-864
wld-03.009.051-00;1785;1785;wdf-865;wdf-0865;http://www.steinheim-institut.de/cgi-bin/epidat?id=wdf-865
wld-03.009.052-00;1790;1790;wdf-932;wdf-0932;http://www.steinheim-institut.de/cgi-bin/epidat?id=wdf-932
wld-03.009.053-00;1796;1796;wdf-933;wdf-0933;http://www.steinheim-institut.de/cgi-bin/epidat?id=wdf-933
wld-03.009.054-00;;;wdf-934;wdf-0934;http://www.steinheim-institut.de/cgi-bin/epidat?id=wdf-934
wld-03.009.055-00;1795;1795;wdf-935;wdf-0935;http://www.steinheim-institut.de/cgi-bin/epidat?id=wdf-935
wld-03.009.056-00;1844;1844;wdf-936;wdf-0936;http://www.steinheim-institut.de/cgi-bin/epidat?id=wdf-936
wld-03.009.057-00;1835;1835;wdf-937;wdf-0937;http://www.steinheim-institut.de/cgi-bin/epidat?id=wdf-937
wld-03.009.058-00;1836;1836;wdf-938;wdf-0938;http://www.steinheim-institut.de/cgi-bin/epidat?id=wdf-938
wld-03.009.059-00;1836;1836;wdf-939;wdf-0939;http://www.steinheim-institut.de/cgi-bin/epidat?id=wdf-939
wld-03.009.060-00;1837;1837;wdf-940;wdf-0940;http://www.steinheim-institut.de/cgi-bin/epidat?id=wdf-940
wld-03.009.061-00;1837;1837;wdf-941;wdf-0941;http://www.steinheim-institut.de/cgi-bin/epidat?id=wdf-941
wld-03.009.062-00;1837;1837;wdf-942;wdf-0942;http://www.steinheim-institut.de/cgi-bin/epidat?id=wdf-942
wld-03.009.063-00;1838;1838;wdf-943;wdf-0943;http://www.steinheim-institut.de/cgi-bin/epidat?id=wdf-943
wld-03.009.064-00;1838;1838;wdf-944;wdf-0944;http://www.steinheim-institut.de/cgi-bin/epidat?id=wdf-944
wld-03.009.065-00;1838;1838;wdf-945;wdf-0945;http://www.steinheim-institut.de/cgi-bin/epidat?id=wdf-945
wld-03.009.066-00;1838;1838;wdf-946;wdf-0946;http://www.steinheim-institut.de/cgi-bin/epidat?id=wdf-946
wld-03.009.067-00;1841;1841;wdf-947;wdf-0947;http://www.steinheim-institut.de/cgi-bin/epidat?id=wdf-947
wld-03.009.068-00;1841;1841;wdf-948;wdf-0948;http://www.steinheim-institut.de/cgi-bin/epidat?id=wdf-948
wld-03.010.033-00;;;wdf-830;wdf-0830;http://www.steinheim-institut.de/cgi-bin/epidat?id=wdf-830
wld-03.010.034-00;;;wdf-831;wdf-0831;http://www.steinheim-institut.de/cgi-bin/epidat?id=wdf-831
wld-03.010.035-00;;;wdf-832;wdf-0832;http://www.steinheim-institut.de/cgi-bin/epidat?id=wdf-832
wld-03.010.036-00;;;wdf-833;wdf-0833;http://www.steinheim-institut.de/cgi-bin/epidat?id=wdf-833
wld-03.011.052-00;;;wdf-748;wdf-0748;http://www.steinheim-institut.de/cgi-bin/epidat?id=wdf-748
wld-03.011.053-00;1756;1756;wdf-750;wdf-0750;http://www.steinheim-institut.de/cgi-bin/epidat?id=wdf-750
wld-03.011.054-00;1770;1770;wdf-752;wdf-0752;http://www.steinheim-institut.de/cgi-bin/epidat?id=wdf-752
wld-03.011.055-00;;;wdf-834;wdf-0834;http://www.steinheim-institut.de/cgi-bin/epidat?id=wdf-834
wld-03.011.057-00;;;wdf-866;wdf-0866;http://www.steinheim-institut.de/cgi-bin/epidat?id=wdf-866
wld-03.011.058-00;1796;1796;wdf-867;wdf-0867;http://www.steinheim-institut.de/cgi-bin/epidat?id=wdf-867
wld-03.011.058-00;1841;1841;wdf-868;wdf-0868;http://www.steinheim-institut.de/cgi-bin/epidat?id=wdf-868
wld-03.011.059-00;1838;1838;wdf-869;wdf-0869;http://www.steinheim-institut.de/cgi-bin/epidat?id=wdf-869
wld-03.011.060-00;1839;1839;wdf-870;wdf-0870;http://www.steinheim-institut.de/cgi-bin/epidat?id=wdf-870
wld-03.011.061-00;1839;1839?;wdf-871;wdf-0871;http://www.steinheim-institut.de/cgi-bin/epidat?id=wdf-871
wld-03.011.062-00;1839;1839?;wdf-872;wdf-0872;http://www.steinheim-institut.de/cgi-bin/epidat?id=wdf-872
wld-03.011.063-00;1839;1839;wdf-873;wdf-0873;http://www.steinheim-institut.de/cgi-bin/epidat?id=wdf-873
wld-03.011.064-00;1839;1839;wdf-874;wdf-0874;http://www.steinheim-institut.de/cgi-bin/epidat?id=wdf-874
wld-03.011.065-00;1838;1838;wdf-875;wdf-0875;http://www.steinheim-institut.de/cgi-bin/epidat?id=wdf-875
wld-03.011.066-00;1838;1838;wdf-876;wdf-0876;http://www.steinheim-institut.de/cgi-bin/epidat?id=wdf-876
wld-03.011.067-00;1839;1839;wdf-877;wdf-0877;http://www.steinheim-institut.de/cgi-bin/epidat?id=wdf-877
wld-03.011.068-00;1839;1839;wdf-878;wdf-0878;http://www.steinheim-institut.de/cgi-bin/epidat?id=wdf-878
wld-03.011.069-00;1841;1841;wdf-879;wdf-0879;http://www.steinheim-institut.de/cgi-bin/epidat?id=wdf-879
wld-03.027.020-00;1770;1770;wdf-929;wdf-0929;http://www.steinheim-institut.de/cgi-bin/epidat?id=wdf-929
wld-03.027.021-00;1774;1774;wdf-930;wdf-0930;http://www.steinheim-institut.de/cgi-bin/epidat?id=wdf-930
wld-03.027.022-00;1770;1770;wdf-931;wdf-0931;http://www.steinheim-institut.de/cgi-bin/epidat?id=wdf-931
wld-03.027.023-00;1787;1787;wdf-973;wdf-0973;http://www.steinheim-institut.de/cgi-bin/epidat?id=wdf-973
wld-03.027.024-00;1788;1788;wdf-974;wdf-0974;http://www.steinheim-institut.de/cgi-bin/epidat?id=wdf-974
wld-03.027.025-00;1787;1787;wdf-975;wdf-0975;http://www.steinheim-institut.de/cgi-bin/epidat?id=wdf-975
wld-03.027.026-00;1789;1789;wdf-976;wdf-0976;http://www.steinheim-institut.de/cgi-bin/epidat?id=wdf-976
wld-03.027.027-00;1798;1798;wdf-977;wdf-0977;http://www.steinheim-institut.de/cgi-bin/epidat?id=wdf-977
wld-03.027.028-00;;;wdf-978;wdf-0978;http://www.steinheim-institut.de/cgi-bin/epidat?id=wdf-978
wld-03.027.029-00;1838;1838?;wdf-979;wdf-0979;http://www.steinheim-institut.de/cgi-bin/epidat?id=wdf-979
wld-03.027.030-00;;;wdf-980;wdf-0980;http://www.steinheim-institut.de/cgi-bin/epidat?id=wdf-980
wld-03.027.031-00;1840;1840;wdf-981;wdf-0981;http://www.steinheim-institut.de/cgi-bin/epidat?id=wdf-981
wld-03.027.032-00;1840;1840;wdf-982;wdf-0982;http://www.steinheim-institut.de/cgi-bin/epidat?id=wdf-982
wld-03.027.033-00;1840;1840;wdf-983;wdf-0983;http://www.steinheim-institut.de/cgi-bin/epidat?id=wdf-983
wld-03.027.034-00;1840;1840;wdf-984;wdf-0984;http://www.steinheim-institut.de/cgi-bin/epidat?id=wdf-984
wld-03.027.035-00;1840;1840;wdf-992;wdf-0992;http://www.steinheim-institut.de/cgi-bin/epidat?id=wdf-992
wld-03.027.036-00;1840;1840;wdf-993;wdf-0993;http://www.steinheim-institut.de/cgi-bin/epidat?id=wdf-993
wld-03.027.037-00;1841;1841;wdf-995;wdf-0995;http://www.steinheim-institut.de/cgi-bin/epidat?id=wdf-995
wld-03.027.038-00;;;wdf-997;wdf-0997;http://www.steinheim-institut.de/cgi-bin/epidat?id=wdf-997
wld-03.027.039-00;1841;1841;wdf-999;wdf-0999;http://www.steinheim-institut.de/cgi-bin/epidat?id=wdf-999
wld-03.027.040-00;1840;1840;wdf-949;wdf-0949;http://www.steinheim-institut.de/cgi-bin/epidat?id=wdf-949
wld-03.027.041-00;1839;1839;wdf-950;wdf-0950;http://www.steinheim-institut.de/cgi-bin/epidat?id=wdf-950
wld-03.008.053-01;1777;1777;wdf-2001;wdf-2001;http://www.steinheim-institut.de/cgi-bin/epidat?id=wdf-2001
